roi,coef,t,mean_z,n,hemisphere,roi_group,anatomical_group,network,lobe,group_source,network_7_like,target_group
lh_bankssts,-9.338417726177305,-9.338417726177305,-9.338417726177305,602,LH,temporal,temporal,,temporal,fastsurfer_cortical_volume,,MCI
lh_caudalanteriorcingulate,0.09250595040827424,0.09250595040827424,0.09250595040827424,602,LH,cingulate,cingulate,,cingulate,fastsurfer_cortical_volume,,MCI
lh_caudalmiddlefrontal,0.0493504046226607,0.0493504046226607,0.0493504046226607,602,LH,frontal,frontal,,frontal,fastsurfer_cortical_volume,,MCI
lh_cuneus,0.1256948645236624,0.1256948645236624,0.1256948645236624,602,LH,occipital,occipital,,occipital,fastsurfer_cortical_volume,,MCI
lh_entorhinal,-0.08760193887544941,-0.08760193887544941,-0.08760193887544941,602,LH,temporal,temporal,,temporal,fastsurfer_cortical_volume,,MCI
lh_fusiform,0.05326494019050695,0.05326494019050695,0.05326494019050695,602,LH,temporal,temporal,,temporal,fastsurfer_cortical_volume,,MCI
lh_inferiorparietal,0.029272746820174386,0.029272746820174386,0.029272746820174386,602,LH,parietal,parietal,,parietal,fastsurfer_cortical_volume,,MCI
lh_inferiortemporal,0.00676754599089988,0.00676754599089988,0.00676754599089988,602,LH,temporal,temporal,,temporal,fastsurfer_cortical_volume,,MCI
lh_isthmuscingulate,0.04861872181324407,0.04861872181324407,0.04861872181324407,602,LH,cingulate,cingulate,,cingulate,fastsurfer_cortical_volume,,MCI
lh_lateraloccipital,0.08936479946753512,0.08936479946753512,0.08936479946753512,602,LH,occipital,occipital,,occipital,fastsurfer_cortical_volume,,MCI
lh_lateralorbitofrontal,0.0708166086380928,0.0708166086380928,0.0708166086380928,602,LH,frontal,frontal,,frontal,fastsurfer_cortical_volume,,MCI
lh_lingual,0.09019055966617841,0.09019055966617841,0.09019055966617841,602,LH,occipital,occipital,,occipital,fastsurfer_cortical_volume,,MCI
lh_medialorbitofrontal,0.07290017829128408,0.07290017829128408,0.07290017829128408,602,LH,frontal,frontal,,frontal,fastsurfer_cortical_volume,,MCI
lh_middletemporal,0.005757341596385762,0.005757341596385762,0.005757341596385762,602,LH,temporal,temporal,,temporal,fastsurfer_cortical_volume,,MCI
lh_parahippocampal,-0.02665433161034738,-0.02665433161034738,-0.02665433161034738,602,LH,temporal,temporal,,temporal,fastsurfer_cortical_volume,,MCI
lh_paracentral,0.10255687456463133,0.10255687456463133,0.10255687456463133,602,LH,frontal,frontal,,frontal,fastsurfer_cortical_volume,,MCI
lh_parsopercularis,0.08618551382240926,0.08618551382240926,0.08618551382240926,602,LH,frontal,frontal,,frontal,fastsurfer_cortical_volume,,MCI
lh_parsorbitalis,0.07886599006756648,0.07886599006756648,0.07886599006756648,602,LH,frontal,frontal,,frontal,fastsurfer_cortical_volume,,MCI
lh_parstriangularis,0.03764773802113864,0.03764773802113864,0.03764773802113864,602,LH,frontal,frontal,,frontal,fastsurfer_cortical_volume,,MCI
lh_pericalcarine,0.1317727458944529,0.1317727458944529,0.1317727458944529,602,LH,occipital,occipital,,occipital,fastsurfer_cortical_volume,,MCI
lh_postcentral,0.10080257094530634,0.10080257094530634,0.10080257094530634,602,LH,parietal,parietal,,parietal,fastsurfer_cortical_volume,,MCI
lh_posteriorcingulate,0.05526885886565469,0.05526885886565469,0.05526885886565469,602,LH,cingulate,cingulate,,cingulate,fastsurfer_cortical_volume,,MCI
lh_precentral,0.0820899588437356,0.0820899588437356,0.0820899588437356,602,LH,frontal,frontal,,frontal,fastsurfer_cortical_volume,,MCI
lh_precuneus,0.07152658485315981,0.07152658485315981,0.07152658485315981,602,LH,parietal,parietal,,parietal,fastsurfer_cortical_volume,,MCI
lh_rostralanteriorcingulate,0.07094579846350048,0.07094579846350048,0.07094579846350048,602,LH,cingulate,cingulate,,cingulate,fastsurfer_cortical_volume,,MCI
lh_rostralmiddlefrontal,0.05946480091434487,0.05946480091434487,0.05946480091434487,602,LH,frontal,frontal,,frontal,fastsurfer_cortical_volume,,MCI
lh_superiorfrontal,0.07610127515383318,0.07610127515383318,0.07610127515383318,602,LH,frontal,frontal,,frontal,fastsurfer_cortical_volume,,MCI
lh_superiorparietal,0.076992455273379,0.076992455273379,0.076992455273379,602,LH,parietal,parietal,,parietal,fastsurfer_cortical_volume,,MCI
lh_superiortemporal,0.05324684861950798,0.05324684861950798,0.05324684861950798,602,LH,temporal,temporal,,temporal,fastsurfer_cortical_volume,,MCI
lh_supramarginal,0.04252395983330227,0.04252395983330227,0.04252395983330227,602,LH,parietal,parietal,,parietal,fastsurfer_cortical_volume,,MCI
lh_frontalpole,-9.338417726177305,-9.338417726177305,-9.338417726177305,602,LH,frontal,frontal,,frontal,fastsurfer_cortical_volume,,MCI
lh_temporalpole,-9.338417726177305,-9.338417726177305,-9.338417726177305,602,LH,temporal,temporal,,temporal,fastsurfer_cortical_volume,,MCI
lh_transversetemporal,0.11760168751360864,0.11760168751360864,0.11760168751360864,602,LH,temporal,temporal,,temporal,fastsurfer_cortical_volume,,MCI
lh_insula,0.07613877796464943,0.07613877796464943,0.07613877796464943,602,LH,insula,insula,,insula,fastsurfer_cortical_volume,,MCI
rh_bankssts,-9.338417726177305,-9.338417726177305,-9.338417726177305,602,RH,temporal,temporal,,temporal,fastsurfer_cortical_volume,,MCI
rh_caudalanteriorcingulate,0.09506071217967556,0.09506071217967556,0.09506071217967556,602,RH,cingulate,cingulate,,cingulate,fastsurfer_cortical_volume,,MCI
rh_caudalmiddlefrontal,0.07286865837960997,0.07286865837960997,0.07286865837960997,602,RH,frontal,frontal,,frontal,fastsurfer_cortical_volume,,MCI
rh_cuneus,0.09457228469909154,0.09457228469909154,0.09457228469909154,602,RH,occipital,occipital,,occipital,fastsurfer_cortical_volume,,MCI
rh_entorhinal,-0.0822737484119874,-0.0822737484119874,-0.0822737484119874,602,RH,temporal,temporal,,temporal,fastsurfer_cortical_volume,,MCI
rh_fusiform,0.03895808549154244,0.03895808549154244,0.03895808549154244,602,RH,temporal,temporal,,temporal,fastsurfer_cortical_volume,,MCI
rh_inferiorparietal,0.031130715173294972,0.031130715173294972,0.031130715173294972,602,RH,parietal,parietal,,parietal,fastsurfer_cortical_volume,,MCI
rh_inferiortemporal,0.026268709451009998,0.026268709451009998,0.026268709451009998,602,RH,temporal,temporal,,temporal,fastsurfer_cortical_volume,,MCI
rh_isthmuscingulate,0.05842612428346992,0.05842612428346992,0.05842612428346992,602,RH,cingulate,cingulate,,cingulate,fastsurfer_cortical_volume,,MCI
rh_lateraloccipital,0.07333331474339641,0.07333331474339641,0.07333331474339641,602,RH,occipital,occipital,,occipital,fastsurfer_cortical_volume,,MCI
rh_lateralorbitofrontal,0.07727419088241767,0.07727419088241767,0.07727419088241767,602,RH,frontal,frontal,,frontal,fastsurfer_cortical_volume,,MCI
rh_lingual,0.08771996727677285,0.08771996727677285,0.08771996727677285,602,RH,occipital,occipital,,occipital,fastsurfer_cortical_volume,,MCI
rh_medialorbitofrontal,0.07430226040961216,0.07430226040961216,0.07430226040961216,602,RH,frontal,frontal,,frontal,fastsurfer_cortical_volume,,MCI
rh_middletemporal,0.026528055412665123,0.026528055412665123,0.026528055412665123,602,RH,temporal,temporal,,temporal,fastsurfer_cortical_volume,,MCI
rh_parahippocampal,0.008549256446005217,0.008549256446005217,0.008549256446005217,602,RH,temporal,temporal,,temporal,fastsurfer_cortical_volume,,MCI
rh_paracentral,0.10781197892202472,0.10781197892202472,0.10781197892202472,602,RH,frontal,frontal,,frontal,fastsurfer_cortical_volume,,MCI
rh_parsopercularis,0.08014484430625812,0.08014484430625812,0.08014484430625812,602,RH,frontal,frontal,,frontal,fastsurfer_cortical_volume,,MCI
rh_parsorbitalis,0.07768203214608456,0.07768203214608456,0.07768203214608456,602,RH,frontal,frontal,,frontal,fastsurfer_cortical_volume,,MCI
rh_parstriangularis,0.06661718350660793,0.06661718350660793,0.06661718350660793,602,RH,frontal,frontal,,frontal,fastsurfer_cortical_volume,,MCI
rh_pericalcarine,0.12732166413794221,0.12732166413794221,0.12732166413794221,602,RH,occipital,occipital,,occipital,fastsurfer_cortical_volume,,MCI
rh_postcentral,0.11470135029761938,0.11470135029761938,0.11470135029761938,602,RH,parietal,parietal,,parietal,fastsurfer_cortical_volume,,MCI
rh_posteriorcingulate,0.0689987021698664,0.0689987021698664,0.0689987021698664,602,RH,cingulate,cingulate,,cingulate,fastsurfer_cortical_volume,,MCI
rh_precentral,0.08447850858841784,0.08447850858841784,0.08447850858841784,602,RH,frontal,frontal,,frontal,fastsurfer_cortical_volume,,MCI
rh_precuneus,0.07058303482935703,0.07058303482935703,0.07058303482935703,602,RH,parietal,parietal,,parietal,fastsurfer_cortical_volume,,MCI
rh_rostralanteriorcingulate,0.10442104876866025,0.10442104876866025,0.10442104876866025,602,RH,cingulate,cingulate,,cingulate,fastsurfer_cortical_volume,,MCI
rh_rostralmiddlefrontal,0.05269822210224584,0.05269822210224584,0.05269822210224584,602,RH,frontal,frontal,,frontal,fastsurfer_cortical_volume,,MCI
rh_superiorfrontal,0.0695542137247233,0.0695542137247233,0.0695542137247233,602,RH,frontal,frontal,,frontal,fastsurfer_cortical_volume,,MCI
rh_superiorparietal,0.07174608520939144,0.07174608520939144,0.07174608520939144,602,RH,parietal,parietal,,parietal,fastsurfer_cortical_volume,,MCI
rh_superiortemporal,0.05530114870575891,0.05530114870575891,0.05530114870575891,602,RH,temporal,temporal,,temporal,fastsurfer_cortical_volume,,MCI
rh_supramarginal,0.06928955015958475,0.06928955015958475,0.06928955015958475,602,RH,parietal,parietal,,parietal,fastsurfer_cortical_volume,,MCI
rh_frontalpole,-9.338417726177305,-9.338417726177305,-9.338417726177305,602,RH,frontal,frontal,,frontal,fastsurfer_cortical_volume,,MCI
rh_temporalpole,-9.338417726177305,-9.338417726177305,-9.338417726177305,602,RH,temporal,temporal,,temporal,fastsurfer_cortical_volume,,MCI
rh_transversetemporal,0.10628735497002842,0.10628735497002842,0.10628735497002842,602,RH,temporal,temporal,,temporal,fastsurfer_cortical_volume,,MCI
rh_insula,0.07514870824554398,0.07514870824554398,0.07514870824554398,602,RH,insula,insula,,insula,fastsurfer_cortical_volume,,MCI
lh_bankssts,-9.287420263601454,-9.287420263601454,-9.287420263601454,265,LH,temporal,temporal,,temporal,fastsurfer_cortical_volume,,AD
lh_caudalanteriorcingulate,0.1324790882822932,0.1324790882822932,0.1324790882822932,265,LH,cingulate,cingulate,,cingulate,fastsurfer_cortical_volume,,AD
lh_caudalmiddlefrontal,0.0721714021767177,0.0721714021767177,0.0721714021767177,265,LH,frontal,frontal,,frontal,fastsurfer_cortical_volume,,AD
lh_cuneus,0.14180577272362987,0.14180577272362987,0.14180577272362987,265,LH,occipital,occipital,,occipital,fastsurfer_cortical_volume,,AD
lh_entorhinal,-0.23216917348403168,-0.23216917348403168,-0.23216917348403168,265,LH,temporal,temporal,,temporal,fastsurfer_cortical_volume,,AD
lh_fusiform,0.015682458194895634,0.015682458194895634,0.015682458194895634,265,LH,temporal,temporal,,temporal,fastsurfer_cortical_volume,,AD
lh_inferiorparietal,-0.003912876869127328,-0.003912876869127328,-0.003912876869127328,265,LH,parietal,parietal,,parietal,fastsurfer_cortical_volume,,AD
lh_inferiortemporal,-0.05588315882735537,-0.05588315882735537,-0.05588315882735537,265,LH,temporal,temporal,,temporal,fastsurfer_cortical_volume,,AD
lh_isthmuscingulate,0.04889250065048876,0.04889250065048876,0.04889250065048876,265,LH,cingulate,cingulate,,cingulate,fastsurfer_cortical_volume,,AD
lh_lateraloccipital,0.08276737721479342,0.08276737721479342,0.08276737721479342,265,LH,occipital,occipital,,occipital,fastsurfer_cortical_volume,,AD
lh_lateralorbitofrontal,0.10934529365945596,0.10934529365945596,0.10934529365945596,265,LH,frontal,frontal,,frontal,fastsurfer_cortical_volume,,AD
lh_lingual,0.10620510040888688,0.10620510040888688,0.10620510040888688,265,LH,occipital,occipital,,occipital,fastsurfer_cortical_volume,,AD
lh_medialorbitofrontal,0.10557465443208137,0.10557465443208137,0.10557465443208137,265,LH,frontal,frontal,,frontal,fastsurfer_cortical_volume,,AD
lh_middletemporal,-0.03366771929055882,-0.03366771929055882,-0.03366771929055882,265,LH,temporal,temporal,,temporal,fastsurfer_cortical_volume,,AD
lh_parahippocampal,-0.09273051435201193,-0.09273051435201193,-0.09273051435201193,265,LH,temporal,temporal,,temporal,fastsurfer_cortical_volume,,AD
lh_paracentral,0.18599252802510244,0.18599252802510244,0.18599252802510244,265,LH,frontal,frontal,,frontal,fastsurfer_cortical_volume,,AD
lh_parsopercularis,0.11989397122880814,0.11989397122880814,0.11989397122880814,265,LH,frontal,frontal,,frontal,fastsurfer_cortical_volume,,AD
lh_parsorbitalis,0.11782621825961473,0.11782621825961473,0.11782621825961473,265,LH,frontal,frontal,,frontal,fastsurfer_cortical_volume,,AD
lh_parstriangularis,0.07439253760280518,0.07439253760280518,0.07439253760280518,265,LH,frontal,frontal,,frontal,fastsurfer_cortical_volume,,AD
lh_pericalcarine,0.16749171871481994,0.16749171871481994,0.16749171871481994,265,LH,occipital,occipital,,occipital,fastsurfer_cortical_volume,,AD
lh_postcentral,0.1321801451372585,0.1321801451372585,0.1321801451372585,265,LH,parietal,parietal,,parietal,fastsurfer_cortical_volume,,AD
lh_posteriorcingulate,0.10146751618683202,0.10146751618683202,0.10146751618683202,265,LH,cingulate,cingulate,,cingulate,fastsurfer_cortical_volume,,AD
lh_precentral,0.11969308002982126,0.11969308002982126,0.11969308002982126,265,LH,frontal,frontal,,frontal,fastsurfer_cortical_volume,,AD
lh_precuneus,0.07138446453855266,0.07138446453855266,0.07138446453855266,265,LH,parietal,parietal,,parietal,fastsurfer_cortical_volume,,AD
lh_rostralanteriorcingulate,0.1048997720832672,0.1048997720832672,0.1048997720832672,265,LH,cingulate,cingulate,,cingulate,fastsurfer_cortical_volume,,AD
lh_rostralmiddlefrontal,0.09171938687435473,0.09171938687435473,0.09171938687435473,265,LH,frontal,frontal,,frontal,fastsurfer_cortical_volume,,AD
lh_superiorfrontal,0.10777419278091896,0.10777419278091896,0.10777419278091896,265,LH,frontal,frontal,,frontal,fastsurfer_cortical_volume,,AD
lh_superiorparietal,0.09911231680896332,0.09911231680896332,0.09911231680896332,265,LH,parietal,parietal,,parietal,fastsurfer_cortical_volume,,AD
lh_superiortemporal,0.03440547927382729,0.03440547927382729,0.03440547927382729,265,LH,temporal,temporal,,temporal,fastsurfer_cortical_volume,,AD
lh_supramarginal,0.046045028225829406,0.046045028225829406,0.046045028225829406,265,LH,parietal,parietal,,parietal,fastsurfer_cortical_volume,,AD
lh_frontalpole,-9.287420263601454,-9.287420263601454,-9.287420263601454,265,LH,frontal,frontal,,frontal,fastsurfer_cortical_volume,,AD
lh_temporalpole,-9.287420263601454,-9.287420263601454,-9.287420263601454,265,LH,temporal,temporal,,temporal,fastsurfer_cortical_volume,,AD
lh_transversetemporal,0.15294645292023337,0.15294645292023337,0.15294645292023337,265,LH,temporal,temporal,,temporal,fastsurfer_cortical_volume,,AD
lh_insula,0.10542508614937833,0.10542508614937833,0.10542508614937833,265,LH,insula,insula,,insula,fastsurfer_cortical_volume,,AD
rh_bankssts,-9.287420263601454,-9.287420263601454,-9.287420263601454,265,RH,temporal,temporal,,temporal,fastsurfer_cortical_volume,,AD
rh_caudalanteriorcingulate,0.17527778710933914,0.17527778710933914,0.17527778710933914,265,RH,cingulate,cingulate,,cingulate,fastsurfer_cortical_volume,,AD
rh_caudalmiddlefrontal,0.08044525289555937,0.08044525289555937,0.08044525289555937,265,RH,frontal,frontal,,frontal,fastsurfer_cortical_volume,,AD
rh_cuneus,0.12501823332487888,0.12501823332487888,0.12501823332487888,265,RH,occipital,occipital,,occipital,fastsurfer_cortical_volume,,AD
rh_entorhinal,-0.26016589896867975,-0.26016589896867975,-0.26016589896867975,265,RH,temporal,temporal,,temporal,fastsurfer_cortical_volume,,AD
rh_fusiform,-0.017574315547008834,-0.017574315547008834,-0.017574315547008834,265,RH,temporal,temporal,,temporal,fastsurfer_cortical_volume,,AD
rh_inferiorparietal,-0.005051415617238215,-0.005051415617238215,-0.005051415617238215,265,RH,parietal,parietal,,parietal,fastsurfer_cortical_volume,,AD
rh_inferiortemporal,-0.04265123702495026,-0.04265123702495026,-0.04265123702495026,265,RH,temporal,temporal,,temporal,fastsurfer_cortical_volume,,AD
rh_isthmuscingulate,0.07700529858513741,0.07700529858513741,0.07700529858513741,265,RH,cingulate,cingulate,,cingulate,fastsurfer_cortical_volume,,AD
rh_lateraloccipital,0.07262826847494425,0.07262826847494425,0.07262826847494425,265,RH,occipital,occipital,,occipital,fastsurfer_cortical_volume,,AD
rh_lateralorbitofrontal,0.11110725305571625,0.11110725305571625,0.11110725305571625,265,RH,frontal,frontal,,frontal,fastsurfer_cortical_volume,,AD
rh_lingual,0.1182756268540769,0.1182756268540769,0.1182756268540769,265,RH,occipital,occipital,,occipital,fastsurfer_cortical_volume,,AD
rh_medialorbitofrontal,0.09956960498171213,0.09956960498171213,0.09956960498171213,265,RH,frontal,frontal,,frontal,fastsurfer_cortical_volume,,AD
rh_middletemporal,-0.021961908933339335,-0.021961908933339335,-0.021961908933339335,265,RH,temporal,temporal,,temporal,fastsurfer_cortical_volume,,AD
rh_parahippocampal,-0.043846124096894194,-0.043846124096894194,-0.043846124096894194,265,RH,temporal,temporal,,temporal,fastsurfer_cortical_volume,,AD
rh_paracentral,0.1631367282783658,0.1631367282783658,0.1631367282783658,265,RH,frontal,frontal,,frontal,fastsurfer_cortical_volume,,AD
rh_parsopercularis,0.12498164103101256,0.12498164103101256,0.12498164103101256,265,RH,frontal,frontal,,frontal,fastsurfer_cortical_volume,,AD
rh_parsorbitalis,0.11778394883240537,0.11778394883240537,0.11778394883240537,265,RH,frontal,frontal,,frontal,fastsurfer_cortical_volume,,AD
rh_parstriangularis,0.07796839934282612,0.07796839934282612,0.07796839934282612,265,RH,frontal,frontal,,frontal,fastsurfer_cortical_volume,,AD
rh_pericalcarine,0.16480006035467484,0.16480006035467484,0.16480006035467484,265,RH,occipital,occipital,,occipital,fastsurfer_cortical_volume,,AD
rh_postcentral,0.15283647315194657,0.15283647315194657,0.15283647315194657,265,RH,parietal,parietal,,parietal,fastsurfer_cortical_volume,,AD
rh_posteriorcingulate,0.10178391963368662,0.10178391963368662,0.10178391963368662,265,RH,cingulate,cingulate,,cingulate,fastsurfer_cortical_volume,,AD
rh_precentral,0.1282953933061876,0.1282953933061876,0.1282953933061876,265,RH,frontal,frontal,,frontal,fastsurfer_cortical_volume,,AD
rh_precuneus,0.08139934178743699,0.08139934178743699,0.08139934178743699,265,RH,parietal,parietal,,parietal,fastsurfer_cortical_volume,,AD
rh_rostralanteriorcingulate,0.18264068124800964,0.18264068124800964,0.18264068124800964,265,RH,cingulate,cingulate,,cingulate,fastsurfer_cortical_volume,,AD
rh_rostralmiddlefrontal,0.10150049645849156,0.10150049645849156,0.10150049645849156,265,RH,frontal,frontal,,frontal,fastsurfer_cortical_volume,,AD
rh_superiorfrontal,0.10159187179125735,0.10159187179125735,0.10159187179125735,265,RH,frontal,frontal,,frontal,fastsurfer_cortical_volume,,AD
rh_superiorparietal,0.10262558169337008,0.10262558169337008,0.10262558169337008,265,RH,parietal,parietal,,parietal,fastsurfer_cortical_volume,,AD
rh_superiortemporal,0.043793216747867604,0.043793216747867604,0.043793216747867604,265,RH,temporal,temporal,,temporal,fastsurfer_cortical_volume,,AD
rh_supramarginal,0.07919738188525878,0.07919738188525878,0.07919738188525878,265,RH,parietal,parietal,,parietal,fastsurfer_cortical_volume,,AD
rh_frontalpole,-9.287420263601454,-9.287420263601454,-9.287420263601454,265,RH,frontal,frontal,,frontal,fastsurfer_cortical_volume,,AD
rh_temporalpole,-9.287420263601454,-9.287420263601454,-9.287420263601454,265,RH,temporal,temporal,,temporal,fastsurfer_cortical_volume,,AD
rh_transversetemporal,0.14004086925844603,0.14004086925844603,0.14004086925844603,265,RH,temporal,temporal,,temporal,fastsurfer_cortical_volume,,AD
rh_insula,0.10104248825275236,0.10104248825275236,0.10104248825275236,265,RH,insula,insula,,insula,fastsurfer_cortical_volume,,AD
