roi,coef,se,t,p,n,mean_roi,std_roi,q,hemisphere,roi_group,anatomical_group,network,lobe,group_source,network_7_like
LH_Background+FreeSurfer_Defined_Medial_Wall,-0.03388440969362892,0.02574833918113822,-1.3159842836951101,0.1884123958675644,1298,2.1896540393223427e-16,1.0000000000000002,0.4276326288230113,LH,,unknown_subregion,,unknown,fs8_thickness_schaefer200_7,
RH_Background+FreeSurfer_Defined_Medial_Wall,-0.044216322451263085,0.025434470609968306,-1.7384408399651838,0.08237102066013964,1298,3.6266145026276297e-17,1.0,0.2446903849021795,RH,,unknown_subregion,,unknown,fs8_thickness_schaefer200_7,
LH_Vis_1,-0.11876732698218402,0.026236066463015885,-4.526872469606158,6.537004822930371e-06,1298,3.06551565505128e-16,0.9999999999999999,0.00012004317947563046,LH,Vis,unknown_subregion,Vis,unknown,fs8_thickness_schaefer200_7,Vis
RH_Vis_1,0.006967548368790655,0.0259247887148637,0.26876008307816546,0.7881571545614733,1298,-4.091915985983628e-16,0.9999999999999999,0.9202759839388301,RH,Vis,unknown_subregion,Vis,unknown,fs8_thickness_schaefer200_7,Vis
LH_Vis_2,0.024362625479353917,0.026202040376274615,0.9297987916015026,0.3526486901018362,1298,-8.594392104340195e-16,1.0,0.6212545398405179,LH,Vis,unknown_subregion,Vis,unknown,fs8_thickness_schaefer200_7,Vis
RH_Vis_2,-0.0758914420735036,0.026054090029750333,-2.912841783644932,0.003643042820179455,1298,1.5135983546815693e-15,1.0,0.024529821655874997,RH,Vis,unknown_subregion,Vis,unknown,fs8_thickness_schaefer200_7,Vis
LH_Vis_3,0.03963849686925082,0.026262223103788573,1.509335166051978,0.1314572738182217,1298,9.004952236713135e-16,1.0000000000000002,0.33120396353978804,LH,Vis,unknown_subregion,Vis,unknown,fs8_thickness_schaefer200_7,Vis
RH_Vis_3,0.0061179378460956835,0.02602343493888695,0.23509340179199859,0.8141734364853257,1298,9.470253720069132e-16,1.0,0.930776061410623,RH,Vis,unknown_subregion,Vis,unknown,fs8_thickness_schaefer200_7,Vis
LH_Vis_4,-0.012305121274245226,0.026439218542201628,-0.46541168584858494,0.6417149827306132,1298,-4.653014833559978e-16,1.0000000000000002,0.8547619109657583,LH,Vis,unknown_subregion,Vis,unknown,fs8_thickness_schaefer200_7,Vis
RH_Vis_4,-0.0007778814605546025,0.026180446441583637,-0.029712306942140478,0.9763010784885429,1298,5.665729826746562e-16,1.0,0.9871949891332901,RH,Vis,unknown_subregion,Vis,unknown,fs8_thickness_schaefer200_7,Vis
LH_Vis_5,0.04968167011838154,0.026221752811213046,1.8946738792052251,0.05835838386279461,1298,-2.4907314697291647e-16,1.0,0.1998032803438053,LH,Vis,unknown_subregion,Vis,unknown,fs8_thickness_schaefer200_7,Vis
RH_Vis_5,0.011529114354723369,0.026010877447736665,0.4432420389465398,0.6576647672996347,1298,-1.4082212540391816e-15,0.9999999999999998,0.8626511882761443,RH,Vis,unknown_subregion,Vis,unknown,fs8_thickness_schaefer200_7,Vis
LH_Vis_6,-0.06683277492590925,0.026697677294297256,-2.5033179549362905,0.012425912683772732,1298,-3.284481058983514e-17,1.0,0.06783876654384033,LH,Vis,unknown_subregion,Vis,unknown,fs8_thickness_schaefer200_7,Vis
RH_Vis_6,0.05247220653236642,0.025802995570217195,2.0335703422331264,0.042198626727883395,1298,4.324566727661627e-16,1.0,0.16605285804990355,RH,Vis,unknown_subregion,Vis,unknown,fs8_thickness_schaefer200_7,Vis
LH_Vis_7,0.045558920330615385,0.02590502327128242,1.7586905772488042,0.07886642709505758,1298,-2.5728434962037525e-16,0.9999999999999999,0.23777639213733776,LH,Vis,unknown_subregion,Vis,unknown,fs8_thickness_schaefer200_7,Vis
RH_Vis_7,-0.041514599035500616,0.02631642739591981,-1.577516522700083,0.11492114049543238,1298,2.479783199532553e-15,0.9999999999999999,0.30544829447470184,RH,Vis,unknown_subregion,Vis,unknown,fs8_thickness_schaefer200_7,Vis
LH_Vis_8,0.005856732228779721,0.026047933675215615,0.22484440807496187,0.8221358175528224,1298,1.0784046143662537e-15,0.9999999999999999,0.930776061410623,LH,Vis,unknown_subregion,Vis,unknown,fs8_thickness_schaefer200_7,Vis
RH_Vis_8,0.052509234935515264,0.02599209305990311,2.0202003284036794,0.04356832414180638,1298,-8.129090620984197e-16,1.0000000000000002,0.16605285804990355,RH,Vis,unknown_subregion,Vis,unknown,fs8_thickness_schaefer200_7,Vis
LH_Vis_9,0.009846150789397407,0.026217008377916472,0.37556347572025695,0.707303002531259,1298,8.211202647458786e-18,1.0,0.8946727721493365,LH,Vis,unknown_subregion,Vis,unknown,fs8_thickness_schaefer200_7,Vis
RH_Vis_9,0.005338925123766378,0.02607572112744134,0.20474697891088606,0.8378020136915268,1298,-3.5034464629157483e-16,1.0,0.930776061410623,RH,Vis,unknown_subregion,Vis,unknown,fs8_thickness_schaefer200_7,Vis
LH_Vis_10,0.00022777671171595598,0.02600638206966216,0.00875849286170681,0.9930131731650298,1298,4.926721588475271e-17,0.9999999999999999,0.9964731197281974,LH,Vis,unknown_subregion,Vis,unknown,fs8_thickness_schaefer200_7,Vis
RH_Vis_10,-0.010945654243910495,0.02617491454600607,-0.4181734471251846,0.675889693919005,1298,4.899350912983742e-16,1.0,0.8808368914299292,RH,Vis,unknown_subregion,Vis,unknown,fs8_thickness_schaefer200_7,Vis
LH_Vis_11,0.02677014960835855,0.026001514947946062,1.029561149108091,0.30340846018009,1298,9.306029667119956e-16,1.0000000000000002,0.5837000852988398,LH,Vis,unknown_subregion,Vis,unknown,fs8_thickness_schaefer200_7,Vis
RH_Vis_11,0.018327369141150712,0.025999225001450375,0.7049198251151069,0.48098698894641034,1298,3.010774304068221e-17,0.9999999999999999,0.7655008557955756,RH,Vis,unknown_subregion,Vis,unknown,fs8_thickness_schaefer200_7,Vis
LH_Vis_12,-0.06568907498991748,0.026473229366528985,-2.481339699076171,0.013215186590069272,1298,-7.554306435662082e-16,1.0000000000000002,0.06844788951779468,LH,Vis,unknown_subregion,Vis,unknown,fs8_thickness_schaefer200_7,Vis
RH_Vis_12,-0.002704882333991715,0.025978480194598575,-0.10412011456136344,0.9170901634257654,1298,1.3685337745764642e-17,1.0,0.9604479162115466,RH,Vis,unknown_subregion,Vis,unknown,fs8_thickness_schaefer200_7,Vis
LH_Vis_13,0.020757133005203376,0.026131820962751906,0.7943240172504791,0.42715247373815024,1298,2.8465502511190454e-16,1.0,0.7130975181413748,LH,Vis,unknown_subregion,Vis,unknown,fs8_thickness_schaefer200_7,Vis
RH_Vis_13,-0.021094305785042802,0.025931893232232228,-0.8134502790110013,0.416109590543573,1298,-2.4633607942376353e-16,1.0,0.7123231973712012,RH,Vis,unknown_subregion,Vis,unknown,fs8_thickness_schaefer200_7,Vis
LH_Vis_14,-0.008339659360377602,0.026193118954964536,-0.31839122995304603,0.750239568598011,1298,-2.559158158457988e-16,1.0,0.9030915118216686,LH,Vis,unknown_subregion,Vis,unknown,fs8_thickness_schaefer200_7,Vis
RH_Vis_14,0.016727224147109365,0.02627342065069551,0.6366595491884138,0.5244592320215464,1298,-6.158401985594088e-17,0.9999999999999998,0.7655008557955756,RH,Vis,unknown_subregion,Vis,unknown,fs8_thickness_schaefer200_7,Vis
LH_SomMot_1,-0.14046396075171297,0.025927895205704828,-5.417484128091012,7.200343221759754e-08,1298,-6.144716647848324e-16,1.0,2.9089386615909408e-06,LH,SomMot,unknown_subregion,SomMot,unknown,fs8_thickness_schaefer200_7,SomMot
RH_Vis_15,0.018130614606984615,0.026274631423182426,0.6900425857539434,0.4902911428819582,1298,-1.5231780911036046e-15,1.0,0.7655008557955756,RH,Vis,unknown_subregion,Vis,unknown,fs8_thickness_schaefer200_7,Vis
LH_SomMot_2,-0.07949195811933701,0.02596582041825783,-3.0614075287774214,0.002248385924176891,1298,1.4232751255595227e-16,1.0,0.017468229103220462,LH,SomMot,unknown_subregion,SomMot,unknown,fs8_thickness_schaefer200_7,SomMot
RH_SomMot_1,-0.10664382948499798,0.026158846278668203,-4.076778782555215,4.844720496179752e-05,1298,-8.649133455323254e-16,1.0000000000000002,0.0005756667883695941,RH,SomMot,unknown_subregion,SomMot,unknown,fs8_thickness_schaefer200_7,SomMot
LH_SomMot_3,-0.04609080045448202,0.026069386659222236,-1.768004788796098,0.07729571073464137,1298,-6.815298197390791e-16,1.0000000000000002,0.23665091454291606,LH,SomMot,unknown_subregion,SomMot,unknown,fs8_thickness_schaefer200_7,SomMot
RH_SomMot_2,-0.07006600058348164,0.02629283833880609,-2.6648321372010235,0.007798464569052711,1298,1.123566228927277e-15,1.0,0.04375805119301799,RH,SomMot,unknown_subregion,SomMot,unknown,fs8_thickness_schaefer200_7,SomMot
LH_SomMot_4,0.04371719373736846,0.025977689706779654,1.682874583183552,0.09264060555631681,1298,-1.2836846805527234e-15,1.0,0.25634797701884926,LH,SomMot,unknown_subregion,SomMot,unknown,fs8_thickness_schaefer200_7,SomMot
RH_SomMot_3,-0.08327692937657592,0.02621919410583227,-3.176181885699209,0.0015275114413193015,1298,-8.553336091102901e-16,1.0,0.012856554631104121,RH,SomMot,unknown_subregion,SomMot,unknown,fs8_thickness_schaefer200_7,SomMot
LH_SomMot_5,0.01669065841996717,0.02636517230755476,0.6330570582003963,0.5268082416528646,1298,7.6637891376282e-17,1.0,0.7655008557955756,LH,SomMot,unknown_subregion,SomMot,unknown,fs8_thickness_schaefer200_7,SomMot
RH_SomMot_4,-0.06314891480305418,0.026199167940407005,-2.410340471372739,0.01607639214041686,1298,-1.4506458010510519e-16,0.9999999999999998,0.07731979077057634,RH,SomMot,unknown_subregion,SomMot,unknown,fs8_thickness_schaefer200_7,SomMot
LH_SomMot_6,-0.010436780171044518,0.025845017420688503,-0.40382175028793177,0.6864105252616945,1298,-7.280599680746789e-16,1.0,0.8831523955596325,LH,SomMot,unknown_subregion,SomMot,unknown,fs8_thickness_schaefer200_7,SomMot
RH_SomMot_5,-0.005523363327888692,0.02652478919051827,-0.20823401415997342,0.8350790209378605,1298,7.280599680746789e-16,0.9999999999999998,0.930776061410623,RH,SomMot,unknown_subregion,SomMot,unknown,fs8_thickness_schaefer200_7,SomMot
LH_SomMot_7,-0.013906803972123127,0.02626685966535144,-0.5294429615607062,0.5965890173974802,1298,5.063574965932917e-16,1.0,0.8319734998406685,LH,SomMot,unknown_subregion,SomMot,unknown,fs8_thickness_schaefer200_7,SomMot
RH_SomMot_6,0.04173425213038166,0.026260758266572086,1.5892249457056287,0.11225389555550565,1298,3.4623904496784544e-16,1.0,0.30233715869616185,RH,SomMot,unknown_subregion,SomMot,unknown,fs8_thickness_schaefer200_7,SomMot
LH_SomMot_8,0.019030037777545417,0.025961825671426127,0.7330007534289118,0.46369073042772024,1298,8.416482713645254e-16,1.0,0.749324220371196,LH,SomMot,unknown_subregion,SomMot,unknown,fs8_thickness_schaefer200_7,SomMot
RH_SomMot_7,-0.01685106245334897,0.025730199606561845,-0.6549137865627567,0.5126396592540227,1298,-5.92575124391609e-16,0.9999999999999998,0.7655008557955756,RH,SomMot,unknown_subregion,SomMot,unknown,fs8_thickness_schaefer200_7,SomMot
LH_SomMot_9,0.02532068202061144,0.026080875623382748,0.970852450901236,0.3318031923882544,1298,3.120257006034338e-16,0.9999999999999999,0.6205948598372907,LH,SomMot,unknown_subregion,SomMot,unknown,fs8_thickness_schaefer200_7,SomMot
RH_SomMot_8,0.026931283755408552,0.026039714251936928,1.0342388359121608,0.30121776683912665,1298,-1.2316803971188177e-15,0.9999999999999998,0.5837000852988398,RH,SomMot,unknown_subregion,SomMot,unknown,fs8_thickness_schaefer200_7,SomMot
LH_SomMot_10,0.037127188681052636,0.02575652042891024,1.4414675609434986,0.14969458472410846,1298,-3.393963760949631e-16,0.9999999999999999,0.35160821063104547,LH,SomMot,unknown_subregion,SomMot,unknown,fs8_thickness_schaefer200_7,SomMot
RH_SomMot_9,-0.009598423563122294,0.026006956370482306,-0.36907139099200514,0.7121348923227726,1298,-6.51422076698397e-16,1.0,0.8946727721493365,RH,SomMot,unknown_subregion,SomMot,unknown,fs8_thickness_schaefer200_7,SomMot
LH_SomMot_11,0.03895268435715779,0.026318442668352846,1.4800527845820166,0.13910257478466334,1298,-9.55236574654372e-16,1.0,0.3385387964638794,LH,SomMot,unknown_subregion,SomMot,unknown,fs8_thickness_schaefer200_7,SomMot
RH_SomMot_10,-0.029070777448026608,0.025845110466023332,-1.1248076299091012,0.2608791569749056,1298,-4.543532131593861e-16,0.9999999999999998,0.5322988859487973,RH,SomMot,unknown_subregion,SomMot,unknown,fs8_thickness_schaefer200_7,SomMot
LH_SomMot_12,-0.02990770105320012,0.026518152373498957,-1.1278199412975891,0.2596050409300581,1298,-8.813357508272429e-16,0.9999999999999999,0.5322988859487973,LH,SomMot,unknown_subregion,SomMot,unknown,fs8_thickness_schaefer200_7,SomMot
RH_SomMot_11,-0.00011627863720363452,0.026300497066773187,-0.004421157398980702,0.9964731197281975,1298,1.0784046143662537e-15,1.0,0.9964731197281974,RH,SomMot,unknown_subregion,SomMot,unknown,fs8_thickness_schaefer200_7,SomMot
LH_SomMot_13,0.016586617606239973,0.0264131558456834,0.6279680361993041,0.5301356854244222,1298,-2.4359901187461063e-16,1.0,0.7655008557955756,LH,SomMot,unknown_subregion,SomMot,unknown,fs8_thickness_schaefer200_7,SomMot
RH_SomMot_12,0.005344319609938336,0.02594216088109075,0.2060090381227191,0.8368162572297929,1298,7.63641846213667e-16,0.9999999999999998,0.930776061410623,RH,SomMot,unknown_subregion,SomMot,unknown,fs8_thickness_schaefer200_7,SomMot
LH_SomMot_14,-0.009052264627785134,0.026321895124601487,-0.3439062645350535,0.7309726538476187,1298,-1.2494713361883118e-15,1.0,0.9008612417215532,LH,SomMot,unknown_subregion,SomMot,unknown,fs8_thickness_schaefer200_7,SomMot
RH_SomMot_13,-0.003775928293158426,0.026493888294674257,-0.14252072973061694,0.8866908938004342,1298,-2.559158158457988e-16,1.0,0.9527210667430197,RH,SomMot,unknown_subregion,SomMot,unknown,fs8_thickness_schaefer200_7,SomMot
LH_SomMot_15,-0.022682196734577498,0.025979655410621083,-0.8730753497717484,0.3827839916375735,1298,-4.653014833559978e-16,1.0,0.666572123368878,LH,SomMot,unknown_subregion,SomMot,unknown,fs8_thickness_schaefer200_7,SomMot
RH_SomMot_14,-0.07570194926104351,0.02635052055762297,-2.8728824956417647,0.004133844723660812,1298,-2.6275848471868114e-16,1.0,0.026936665618693033,RH,SomMot,unknown_subregion,SomMot,unknown,fs8_thickness_schaefer200_7,SomMot
LH_SomMot_16,0.029120693764086658,0.026207265611538588,1.1111687192297293,0.2667021495042814,1298,-4.529846793848096e-16,1.0,0.5334042990085628,LH,SomMot,unknown_subregion,SomMot,unknown,fs8_thickness_schaefer200_7,SomMot
RH_SomMot_15,0.02493552699939172,0.02650762258004287,0.9406926978870315,0.3470379311688083,1298,6.678444819933145e-16,0.9999999999999999,0.6212545398405179,RH,SomMot,unknown_subregion,SomMot,unknown,fs8_thickness_schaefer200_7,SomMot
LH_DorsAttn_Post_1,0.032810641569371454,0.026035825355494924,1.2602113096616963,0.20782035407179025,1298,9.57973642203525e-18,1.0000000000000002,0.451394747553781,LH,DorsAttn,postcentral,DorsAttn,parietal,fs8_thickness_schaefer200_7,DorsAttn
RH_SomMot_16,-0.04463869328669695,0.02626322845464146,-1.699665117858274,0.08943426553783279,1298,2.9012916021021037e-16,0.9999999999999998,0.25444678364284823,RH,SomMot,unknown_subregion,SomMot,unknown,fs8_thickness_schaefer200_7,SomMot
LH_DorsAttn_Post_2,0.00834263311367145,0.026294630784992834,0.31727515711811594,0.7510860098318828,1298,2.2443953903054013e-16,0.9999999999999999,0.9030915118216686,LH,DorsAttn,postcentral,DorsAttn,parietal,fs8_thickness_schaefer200_7,DorsAttn
RH_SomMot_17,0.03516705350270369,0.026200717598303145,1.342217188165153,0.17976102469589333,1298,1.6969818804748155e-16,1.0,0.41263326123375516,RH,SomMot,unknown_subregion,SomMot,unknown,fs8_thickness_schaefer200_7,SomMot
LH_DorsAttn_Post_3,0.04370326833222981,0.02628697261290139,1.6625447508086446,0.09664578057162823,1298,6.84266887288232e-17,1.0,0.2638168604793095,LH,DorsAttn,postcentral,DorsAttn,parietal,fs8_thickness_schaefer200_7,DorsAttn
RH_SomMot_18,-0.04716193156129117,0.02638548612944661,-1.7874194672751444,0.07410368650108091,1298,2.8465502511190454e-16,1.0,0.23388976051903665,RH,SomMot,unknown_subregion,SomMot,unknown,fs8_thickness_schaefer200_7,SomMot
LH_DorsAttn_Post_4,0.000742810180584863,0.026240194412753725,0.028308105073483344,0.9774207813200891,1298,-2.1075420128477548e-16,0.9999999999999999,0.9871949891332901,LH,DorsAttn,postcentral,DorsAttn,parietal,fs8_thickness_schaefer200_7,DorsAttn
RH_SomMot_19,-0.012200728831976732,0.02632083169358199,-0.46353887954656575,0.6430561097621819,1298,4.3382520654073914e-16,1.0,0.8547619109657583,RH,SomMot,unknown_subregion,SomMot,unknown,fs8_thickness_schaefer200_7,SomMot
LH_DorsAttn_Post_5,0.02469049579422869,0.026081516196591156,0.946666428750631,0.34398552386375736,1298,-4.9540922639668e-16,1.0,0.6212545398405179,LH,DorsAttn,postcentral,DorsAttn,parietal,fs8_thickness_schaefer200_7,DorsAttn
RH_DorsAttn_Post_1,0.004132991064119629,0.02607913934631425,0.1584788136309315,0.8741042422046662,1298,-7.171116978780672e-16,1.0,0.9527210667430197,RH,DorsAttn,postcentral,DorsAttn,parietal,fs8_thickness_schaefer200_7,DorsAttn
LH_DorsAttn_Post_6,0.027897301937656382,0.026381716548232865,1.0574483236014085,0.2905043926234525,1298,-3.1886836947631616e-16,1.0,0.5697270612615283,LH,DorsAttn,postcentral,DorsAttn,parietal,fs8_thickness_schaefer200_7,DorsAttn
RH_DorsAttn_Post_2,-0.00851757028632076,0.025989105519811224,-0.32773618468045795,0.7431641579634198,1298,4.502476118356568e-16,1.0,0.9030915118216686,RH,DorsAttn,postcentral,DorsAttn,parietal,fs8_thickness_schaefer200_7,DorsAttn
LH_DorsAttn_Post_7,-0.0057780677738348,0.02645577615579308,-0.21840477254603485,0.8271481857908604,1298,-6.911095561611144e-16,0.9999999999999999,0.930776061410623,LH,DorsAttn,postcentral,DorsAttn,parietal,fs8_thickness_schaefer200_7,DorsAttn
RH_DorsAttn_Post_3,-0.048764356647253676,0.02631253837140563,-1.8532745096249208,0.06407052310160256,1298,1.2816318798908587e-15,1.0,0.21216796174629046,RH,DorsAttn,postcentral,DorsAttn,parietal,fs8_thickness_schaefer200_7,DorsAttn
LH_DorsAttn_Post_8,0.051514640184289945,0.026473409277209863,1.9459012492447394,0.05188286016508061,1298,9.292344329374191e-16,1.0000000000000002,0.18386557462011024,LH,DorsAttn,postcentral,DorsAttn,parietal,fs8_thickness_schaefer200_7,DorsAttn
RH_DorsAttn_Post_4,0.012865906861983828,0.026182957891316232,0.49138477460756635,0.6232376635868424,1298,-3.5992438271361006e-16,1.0,0.8547619109657583,RH,DorsAttn,postcentral,DorsAttn,parietal,fs8_thickness_schaefer200_7,DorsAttn
LH_DorsAttn_Post_9,0.048228410425435325,0.0265058751475812,1.8195366180858368,0.06906058662593309,1298,-3.7224118668479823e-16,0.9999999999999999,0.22143235711807116,LH,DorsAttn,postcentral,DorsAttn,parietal,fs8_thickness_schaefer200_7,DorsAttn
RH_DorsAttn_Post_5,0.02908069778278402,0.026105199452299662,1.1139810609729794,0.26549418181889933,1298,-1.1516211713060947e-15,0.9999999999999998,0.5334042990085628,RH,DorsAttn,postcentral,DorsAttn,parietal,fs8_thickness_schaefer200_7,DorsAttn
LH_DorsAttn_Post_10,0.04813998200475353,0.026378854029294452,1.8249459188519992,0.06823964093773423,1298,4.502476118356568e-16,1.0,0.22143235711807116,LH,DorsAttn,postcentral,DorsAttn,parietal,fs8_thickness_schaefer200_7,DorsAttn
RH_DorsAttn_Post_6,0.013525260526693311,0.026530968393807513,0.5097914379126164,0.6102845176022136,1298,-1.642240529491757e-17,1.0,0.8443662503811448,RH,DorsAttn,postcentral,DorsAttn,parietal,fs8_thickness_schaefer200_7,DorsAttn
LH_DorsAttn_FEF_1,0.001137591607507829,0.02632908573359535,0.04320665058476704,0.9655434695438228,1298,-2.942347615339398e-16,1.0,0.9850493982214757,LH,DorsAttn,frontal_eye_field,DorsAttn,frontal,fs8_thickness_schaefer200_7,DorsAttn
RH_DorsAttn_Post_7,0.0408516222601272,0.026364331023453626,1.549503464502313,0.12150526304553864,1298,6.568962117967028e-17,1.0,0.3106843434835292,RH,DorsAttn,postcentral,DorsAttn,parietal,fs8_thickness_schaefer200_7,DorsAttn
LH_DorsAttn_FEF_2,0.007285568626850897,0.026257340634106084,0.27746787949224205,0.7814651871256065,1298,5.583617800271974e-16,1.0,0.9177672546475146,LH,DorsAttn,frontal_eye_field,DorsAttn,frontal,fs8_thickness_schaefer200_7,DorsAttn
RH_DorsAttn_Post_8,0.007397515040085595,0.026329472243269293,0.28095948797365855,0.7787863885452833,1298,-2.0801713373562254e-16,1.0,0.9177672546475146,RH,DorsAttn,postcentral,DorsAttn,parietal,fs8_thickness_schaefer200_7,DorsAttn
LH_DorsAttn_PrCv_1,-0.003085525374796283,0.025945117467541218,-0.11892508787660902,0.9053531644225591,1298,9.032322912204664e-17,1.0,0.9604479162115466,LH,DorsAttn,precentral,DorsAttn,frontal,fs8_thickness_schaefer200_7,DorsAttn
RH_DorsAttn_Post_9,0.04684128711265509,0.026496187062920368,1.767850106184007,0.07732158593976465,1298,4.351937403153156e-16,1.0,0.23665091454291606,RH,DorsAttn,postcentral,DorsAttn,parietal,fs8_thickness_schaefer200_7,DorsAttn
LH_SalVentAttn_ParOper_1,-0.037690124494450916,0.026106121501167794,-1.4437274603492878,0.14905770563647458,1298,-7.6637891376282e-17,1.0,0.35160821063104547,LH,SalVentAttn,parietal_operculum,SalVentAttn,unknown,fs8_thickness_schaefer200_7,SalVentAttn
RH_DorsAttn_Post_10,0.018271005560155817,0.026235445277752765,0.6964244504608936,0.4862881292275013,1298,-4.1877133502039803e-16,1.0,0.7655008557955756,RH,DorsAttn,postcentral,DorsAttn,parietal,fs8_thickness_schaefer200_7,DorsAttn
LH_SalVentAttn_ParOper_2,0.00939187518064874,0.02625714348660756,0.35768838241825734,0.720634860383699,1298,7.0890049523060845e-16,1.0,0.8985693938117728,LH,SalVentAttn,parietal_operculum,SalVentAttn,unknown,fs8_thickness_schaefer200_7,SalVentAttn
RH_DorsAttn_FEF_1,0.002714937035963455,0.026254771790841597,0.10340737514658198,0.9176556823209331,1298,1.0414542024526893e-15,0.9999999999999999,0.9604479162115466,RH,DorsAttn,frontal_eye_field,DorsAttn,frontal,fs8_thickness_schaefer200_7,DorsAttn
LH_SalVentAttn_ParOper_3,-0.04460651854589484,0.026353040582501753,-1.692651684963946,0.09076250748601268,1298,1.368533774576464e-16,1.0,0.2546392571135356,LH,SalVentAttn,parietal_operculum,SalVentAttn,unknown,fs8_thickness_schaefer200_7,SalVentAttn
RH_DorsAttn_FEF_2,-0.005312476378814351,0.026079911014204236,-0.20369994268465677,0.8386200157264029,1298,-2.983403628576692e-16,1.0,0.930776061410623,RH,DorsAttn,frontal_eye_field,DorsAttn,frontal,fs8_thickness_schaefer200_7,DorsAttn
LH_SalVentAttn_FrOperIns_1,-0.0015837442813500455,0.026499866015828565,-0.059764237313655225,0.9523526373490907,1298,-9.087064263187723e-16,1.0,0.9850493982214757,LH,SalVentAttn,operculo_insular,SalVentAttn,insula,fs8_thickness_schaefer200_7,SalVentAttn
RH_DorsAttn_PrCv_1,-0.016179337567660546,0.02571365063776255,-0.6292120008778488,0.5293213363706808,1298,-3.2707957212377494e-16,1.0,0.7655008557955756,RH,DorsAttn,precentral,DorsAttn,frontal,fs8_thickness_schaefer200_7,DorsAttn
LH_SalVentAttn_FrOperIns_2,0.060386294324203844,0.026008808453455153,2.3217631992741983,0.020400311409935076,1298,-1.067456344169642e-16,1.0,0.08958397619145403,LH,SalVentAttn,operculo_insular,SalVentAttn,insula,fs8_thickness_schaefer200_7,SalVentAttn
RH_SalVentAttn_TempOccPar_1,0.03877388815626687,0.02610234275305122,1.485456249007933,0.13766657583183278,1298,4.461420105119274e-16,1.0000000000000002,0.3385387964638794,RH,SalVentAttn,temporo_occipital,SalVentAttn,temporal,fs8_thickness_schaefer200_7,SalVentAttn
LH_SalVentAttn_FrOperIns_3,0.025982961076325556,0.02588927249842622,1.0036188184857273,0.3157500139024679,1298,0.0,0.9999999999999998,0.5960888112925095,LH,SalVentAttn,operculo_insular,SalVentAttn,insula,fs8_thickness_schaefer200_7,SalVentAttn
RH_SalVentAttn_TempOccPar_2,-0.03011947889790645,0.02610962495670835,-1.1535776154520307,0.24888640463752834,1298,-1.8064645824409328e-16,1.0,0.5236984764247993,RH,SalVentAttn,temporo_occipital,SalVentAttn,temporal,fs8_thickness_schaefer200_7,SalVentAttn
LH_SalVentAttn_FrOperIns_4,-0.027727829745342297,0.02609118715032422,-1.062727793319199,0.2881036989731911,1298,1.315160957367982e-15,1.0,0.5697270612615283,LH,SalVentAttn,operculo_insular,SalVentAttn,insula,fs8_thickness_schaefer200_7,SalVentAttn
RH_SalVentAttn_TempOccPar_3,-0.04031577265978406,0.0258741521203988,-1.558148551967417,0.11944256220097015,1298,6.10366063461103e-16,1.0,0.30932560980251245,RH,SalVentAttn,temporo_occipital,SalVentAttn,temporal,fs8_thickness_schaefer200_7,SalVentAttn
LH_SalVentAttn_PFCl_1,0.06046557270306738,0.025915660757622243,2.3331673179617236,0.01979193931277153,1298,-5.474135098305857e-18,0.9999999999999999,0.0888438164706633,LH,SalVentAttn,prefrontal,SalVentAttn,frontal,fs8_thickness_schaefer200_7,SalVentAttn
RH_SalVentAttn_PrC_1,-0.0636713430582122,0.02641588151765042,-2.410343301080777,0.016076268010088882,1298,-2.2580807280511657e-16,1.0,0.07731979077057634,RH,SalVentAttn,precentral,SalVentAttn,frontal,fs8_thickness_schaefer200_7,SalVentAttn
LH_SalVentAttn_Med_1,0.00889679448934036,0.02591187136631149,0.34334820374676794,0.7313922952590828,1298,-4.488790780610803e-16,0.9999999999999999,0.9008612417215532,LH,SalVentAttn,unknown_subregion,SalVentAttn,unknown,fs8_thickness_schaefer200_7,SalVentAttn
RH_SalVentAttn_FrOperIns_1,-0.13087170026430714,0.026505361544019137,-4.937555748747672,8.942555297463487e-07,1298,6.089975296865266e-17,1.0,1.8063961700876242e-05,RH,SalVentAttn,operculo_insular,SalVentAttn,insula,fs8_thickness_schaefer200_7,SalVentAttn
LH_SalVentAttn_Med_2,0.03949450897072111,0.026258570332918056,1.504061663296662,0.13280951013229123,1298,4.871980237492213e-16,1.0,0.33120396353978804,LH,SalVentAttn,unknown_subregion,SalVentAttn,unknown,fs8_thickness_schaefer200_7,SalVentAttn
RH_SalVentAttn_FrOperIns_2,-0.09126288025902164,0.026366865418267858,-3.461271516779982,0.0005551429729707644,1298,2.1896540393223427e-17,1.0,0.005339946692385448,RH,SalVentAttn,operculo_insular,SalVentAttn,insula,fs8_thickness_schaefer200_7,SalVentAttn
LH_SalVentAttn_Med_3,-0.03307105083069661,0.026153179437315224,-1.264513590401594,0.20627344845459694,1298,8.895469534747017e-17,1.0,0.451394747553781,LH,SalVentAttn,unknown_subregion,SalVentAttn,unknown,fs8_thickness_schaefer200_7,SalVentAttn
RH_SalVentAttn_FrOperIns_3,0.05173084348688011,0.025929347478737125,1.9950692368676466,0.04624474168764469,1298,-9.442883044577602e-16,1.0,0.16681138965900405,RH,SalVentAttn,operculo_insular,SalVentAttn,insula,fs8_thickness_schaefer200_7,SalVentAttn
LH_Limbic_OFC_1,-0.025094747957313687,0.026199008197983563,-0.9578510670203589,0.33831678659212483,1298,-9.880813852442071e-16,1.0,0.6212545398405179,LH,Limbic,orbitofrontal,Limbic,frontal,fs8_thickness_schaefer200_7,Limbic
RH_SalVentAttn_FrOperIns_4,0.048134681257609946,0.025730000556097987,1.8707609878462312,0.061603776663345614,1298,1.335688963986629e-15,1.0000000000000002,0.20739938143326359,RH,SalVentAttn,operculo_insular,SalVentAttn,insula,fs8_thickness_schaefer200_7,SalVentAttn
LH_Limbic_OFC_2,-0.003712591887429055,0.02579892481432938,-0.143904907438894,0.8855979674529703,1298,-1.1605166408408415e-15,1.0,0.9527210667430197,LH,Limbic,orbitofrontal,Limbic,frontal,fs8_thickness_schaefer200_7,Limbic
RH_SalVentAttn_Med_1,0.05588170702104979,0.025906868880963434,2.157022806492532,0.031187556421630576,1298,4.653014833559978e-16,1.0,0.1285691101463138,RH,SalVentAttn,unknown_subregion,SalVentAttn,unknown,fs8_thickness_schaefer200_7,SalVentAttn
LH_Limbic_TempPole_1,-0.08498291119994399,0.02657815201649092,-3.1974725386179865,0.001419936251144744,1298,1.0742990130425244e-16,1.0000000000000002,0.012470744466575577,LH,Limbic,temporal_pole,Limbic,temporal,fs8_thickness_schaefer200_7,Limbic
RH_SalVentAttn_Med_2,0.06464956013849657,0.026031476833165982,2.483514882879344,0.013135140671977607,1298,-4.844609562000683e-16,1.0,0.06844788951779468,RH,SalVentAttn,unknown_subregion,SalVentAttn,unknown,fs8_thickness_schaefer200_7,SalVentAttn
LH_Limbic_TempPole_2,-0.005583793792248399,0.02632457138426934,-0.21211337919769827,0.8320519872596537,1298,4.324566727661627e-16,1.0,0.930776061410623,LH,Limbic,temporal_pole,Limbic,temporal,fs8_thickness_schaefer200_7,Limbic
RH_SalVentAttn_Med_3,0.0013479334715351954,0.026045625646173767,0.05175277760061078,0.9587336707273186,1298,8.484909402374077e-16,1.0,0.9850493982214757,RH,SalVentAttn,unknown_subregion,SalVentAttn,unknown,fs8_thickness_schaefer200_7,SalVentAttn
LH_Limbic_TempPole_3,-0.13557858023928207,0.026456120547559164,-5.124658394096655,3.433416849181781e-07,1298,7.212172992017966e-16,1.0,9.907860050495997e-06,LH,Limbic,temporal_pole,Limbic,temporal,fs8_thickness_schaefer200_7,Limbic
RH_Limbic_OFC_1,0.14796794411437145,0.02586759806180085,5.720204240102152,1.3201636847430973e-08,1298,1.1242504958145653e-15,1.0,8.889102143936854e-07,RH,Limbic,orbitofrontal,Limbic,frontal,fs8_thickness_schaefer200_7,Limbic
LH_Limbic_TempPole_4,-0.16748700884590775,0.026640110923511668,-6.2870237037222445,4.4153622869929035e-10,1298,-1.0359800673543833e-15,1.0,8.919031819725664e-08,LH,Limbic,temporal_pole,Limbic,temporal,fs8_thickness_schaefer200_7,Limbic
RH_Limbic_OFC_2,-0.024097052341807645,0.02597225785526253,-0.9277996728699917,0.3536845152557404,1298,-6.507378098111087e-16,1.0000000000000002,0.6212545398405179,RH,Limbic,orbitofrontal,Limbic,frontal,fs8_thickness_schaefer200_7,Limbic
LH_Cont_Par_1,-0.04507613844180522,0.026304731954486633,-1.7136132966417423,0.08683927326416059,1298,1.302844153396794e-15,1.0,0.2542251188313107,LH,Cont,unknown_subregion,Cont,unknown,fs8_thickness_schaefer200_7,Cont
RH_Limbic_OFC_3,0.14149350077115008,0.025832030795158247,5.477443949070799,5.1794673071180486e-08,1298,1.4718580745569871e-15,1.0,2.6156309900946144e-06,RH,Limbic,orbitofrontal,Limbic,frontal,fs8_thickness_schaefer200_7,Limbic
LH_Cont_Par_2,0.07136868020221779,0.026123332110895618,2.731989927596222,0.006380931094411141,1298,1.4588570036985108e-15,1.0,0.037910237678560305,LH,Cont,unknown_subregion,Cont,unknown,fs8_thickness_schaefer200_7,Cont
RH_Limbic_TempPole_1,-0.09527959273730707,0.026394994580575683,-3.6097598901355408,0.00031818451442162585,1298,3.62661450262763e-16,1.0,0.0032136635956584213,RH,Limbic,temporal_pole,Limbic,temporal,fs8_thickness_schaefer200_7,Limbic
LH_Cont_Par_3,0.007387803083566263,0.02628572224465649,0.28105764090496305,0.7787111224312923,1298,1.1632537083899945e-17,0.9999999999999998,0.9177672546475146,LH,Cont,unknown_subregion,Cont,unknown,fs8_thickness_schaefer200_7,Cont
RH_Limbic_TempPole_2,-0.05963764417865583,0.026299002115908732,-2.2676770744308947,0.023513202354097294,1298,-5.337281720848211e-16,1.0,0.09895139324015945,RH,Limbic,temporal_pole,Limbic,temporal,fs8_thickness_schaefer200_7,Limbic
LH_Cont_Temp_1,0.012215009133187404,0.026393198775521143,0.4628089697303549,0.6435791180856396,1298,3.558187813898807e-17,0.9999999999999999,0.8547619109657583,LH,Cont,temporal,Cont,temporal,fs8_thickness_schaefer200_7,Cont
RH_Limbic_TempPole_3,-0.11103286233043488,0.026577356735832412,-4.1777240466030605,3.141823087470417e-05,1298,3.968747946271746e-17,1.0,0.00042309884244601617,RH,Limbic,temporal_pole,Limbic,temporal,fs8_thickness_schaefer200_7,Limbic
LH_Cont_OFC_1,0.0646548577442397,0.026201053400846927,2.467643447577943,0.013729194561730535,1298,-3.941377270780217e-16,0.9999999999999999,0.06933243253673921,LH,Cont,orbitofrontal,Cont,frontal,fs8_thickness_schaefer200_7,Cont
RH_Cont_Par_1,-0.033029239751343475,0.0262034204558304,-1.2604934461521529,0.20771865318311858,1298,-2.2717660657969307e-16,1.0,0.451394747553781,RH,Cont,unknown_subregion,Cont,unknown,fs8_thickness_schaefer200_7,Cont
LH_Cont_PFCl_1,0.016174307586070857,0.025807011145867812,0.626740830026753,0.5309396875760326,1298,-5.54256178703468e-16,1.0,0.7655008557955756,LH,Cont,prefrontal,Cont,frontal,fs8_thickness_schaefer200_7,Cont
RH_Cont_Par_2,0.010653804278741574,0.026314598334970088,0.404862888010853,0.6856452157001542,1298,5.309911045356681e-16,0.9999999999999998,0.8831523955596325,RH,Cont,unknown_subregion,Cont,unknown,fs8_thickness_schaefer200_7,Cont
LH_Cont_PFCl_2,0.07142145993649623,0.02591207086514439,2.7563007336696033,0.005928019847932744,1298,2.9012916021021037e-16,1.0,0.03628666694795194,LH,Cont,prefrontal,Cont,frontal,fs8_thickness_schaefer200_7,Cont
RH_Cont_Par_3,0.036306080667633356,0.026250007916018395,1.3830883702506809,0.1668763630111789,1298,1.9843739731358731e-16,1.0,0.3874600612443464,RH,Cont,unknown_subregion,Cont,unknown,fs8_thickness_schaefer200_7,Cont
LH_Cont_PFCl_3,0.04416560743191314,0.02589302561216813,1.7056951201236994,0.08830484088094796,1298,-9.11443493867925e-16,1.0,0.25444678364284823,LH,Cont,prefrontal,Cont,frontal,fs8_thickness_schaefer200_7,Cont
RH_Cont_Temp_1,0.008829835714324552,0.026272687857647723,0.3360842165128633,0.7368618478311579,1298,5.583617800271974e-16,0.9999999999999999,0.9020975349205692,RH,Cont,temporal,Cont,temporal,fs8_thickness_schaefer200_7,Cont
LH_Cont_PFCl_4,0.016123462031130145,0.025939936630547993,0.6215690601241661,0.5343347557780997,1298,-2.9560329530851626e-16,1.0,0.7655008557955756,LH,Cont,prefrontal,Cont,frontal,fs8_thickness_schaefer200_7,Cont
RH_Cont_PFCv_1,0.07237040628127757,0.026233926298704722,2.7586570708956666,0.005885700994502424,1298,3.571873151644571e-16,1.0,0.03628666694795194,RH,Cont,prefrontal,Cont,frontal,fs8_thickness_schaefer200_7,Cont
LH_Cont_PFCl_5,0.055578092636151794,0.026158153104020913,2.124694828994199,0.033801203560182645,1298,6.172087323339854e-16,1.0000000000000002,0.13655686238313788,LH,Cont,prefrontal,Cont,frontal,fs8_thickness_schaefer200_7,Cont
RH_Cont_PFCl_1,0.061599775637934256,0.02583111071267168,2.3847126173988307,0.017235796193732354,1298,3.1339423437801027e-16,1.0,0.07970994648591949,RH,Cont,prefrontal,Cont,frontal,fs8_thickness_schaefer200_7,Cont
LH_Cont_pCun_1,0.01691792569350274,0.026624167482770807,0.6354349184608598,0.5252571512043177,1298,-3.8318945688141e-17,0.9999999999999999,0.7655008557955756,LH,Cont,precuneus,Cont,parietal,fs8_thickness_schaefer200_7,Cont
RH_Cont_PFCl_2,0.10954587296495881,0.02595927478080551,4.2199126859259515,2.614401127466211e-05,1298,-3.4897611251699834e-16,1.0,0.00039436512545146723,RH,Cont,prefrontal,Cont,frontal,fs8_thickness_schaefer200_7,Cont
LH_Cont_Cing_1,0.13252824393031018,0.026530445864326416,4.995326675173273,6.67687964196088e-07,1298,8.156461296475726e-16,1.0,1.4985885418623307e-05,LH,Cont,unknown_subregion,Cont,unknown,fs8_thickness_schaefer200_7,Cont
RH_Cont_PFCl_3,0.0521155784683839,0.025774937007709612,2.0219478500682837,0.043387189541146516,1298,-1.2104681236128826e-15,1.0,0.16605285804990355,RH,Cont,prefrontal,Cont,frontal,fs8_thickness_schaefer200_7,Cont
LH_Cont_Cing_2,0.042676024599684295,0.0272412439120714,1.566596031276431,0.11745364244602224,1298,2.408619443254577e-16,1.0,0.30812513992333107,LH,Cont,unknown_subregion,Cont,unknown,fs8_thickness_schaefer200_7,Cont
RH_Cont_PFCl_4,0.003792896818058694,0.02582778066569658,0.14685337726660608,0.883270627885308,1298,1.1960985189798296e-15,1.0,0.9527210667430197,RH,Cont,prefrontal,Cont,frontal,fs8_thickness_schaefer200_7,Cont
LH_Default_Temp_1,-0.08067888789432576,0.02619615684473027,-3.0797986274294074,0.0021150441700268086,1298,1.7859365758222856e-16,1.0,0.017089556893816613,LH,Default,temporal,Default,temporal,fs8_thickness_schaefer200_7,Default
RH_Cont_PFCl_5,0.08453488943420112,0.026002323251698548,3.251051400904304,0.001179400469309162,1298,-3.298166396729279e-16,1.0,0.01082904067274776,RH,Cont,prefrontal,Cont,frontal,fs8_thickness_schaefer200_7,Cont
LH_Default_Temp_2,-0.034137181648440554,0.02650528262994686,-1.2879387903553547,0.19799753982499357,1298,-6.883724886119615e-16,1.0,0.44439447827387446,LH,Default,temporal,Default,temporal,fs8_thickness_schaefer200_7,Default
RH_Cont_PFCl_6,0.049777983668872594,0.026188574783629542,1.9007519149147731,0.05755654263902689,1298,7.800642515085846e-17,1.0,0.1998032803438053,RH,Cont,prefrontal,Cont,frontal,fs8_thickness_schaefer200_7,Cont
LH_Default_Temp_3,-0.07783220419353379,0.02604004262153882,-2.9889430414816403,0.002852261355820445,1298,-6.445794078255146e-16,1.0,0.021339140513915923,LH,Default,temporal,Default,temporal,fs8_thickness_schaefer200_7,Default
RH_Cont_PFCl_7,-0.0029095927552514333,0.025788891324504057,-0.11282349127148401,0.9101879936741271,1298,3.202369032508926e-16,1.0,0.9604479162115466,RH,Cont,prefrontal,Cont,frontal,fs8_thickness_schaefer200_7,Cont
LH_Default_Temp_4,-0.004987532454177934,0.026155199948738068,-0.19068989967398708,0.8487984644239588,1298,-4.3793080786446854e-17,1.0,0.9369250809488507,LH,Default,temporal,Default,temporal,fs8_thickness_schaefer200_7,Default
RH_Cont_pCun_1,-0.010545270327709827,0.026569354422668563,-0.39689599378119494,0.6915096070266578,1298,1.3384260315357819e-15,1.0000000000000002,0.8840819026543346,RH,Cont,precuneus,Cont,parietal,fs8_thickness_schaefer200_7,Cont
LH_Default_Temp_5,0.012314623917877826,0.026121351888405087,0.471438996361598,0.6374067467577869,1298,-8.484909402374078e-17,1.0,0.8547619109657583,LH,Default,temporal,Default,temporal,fs8_thickness_schaefer200_7,Default
RH_Cont_Cing_1,0.11154264669719806,0.026496307506494392,4.209743062117555,2.7332236417428422e-05,1298,-1.0448755368891303e-15,1.0,0.00039436512545146723,RH,Cont,unknown_subregion,Cont,unknown,fs8_thickness_schaefer200_7,Cont
LH_Default_Par_1,0.020137293952782048,0.026173390920361656,0.7693803991257467,0.44180793410171615,1298,4.1056013237293924e-16,1.0,0.72557075356542,LH,Default,unknown_subregion,Default,unknown,fs8_thickness_schaefer200_7,Default
RH_Cont_Cing_2,0.06270642230224009,0.027113624812731472,2.312727373611649,0.020893876410286207,1298,4.3793080786446854e-17,1.0,0.08979921350803859,RH,Cont,unknown_subregion,Cont,unknown,fs8_thickness_schaefer200_7,Cont
LH_Default_Par_2,0.009694037710785863,0.02635665036362938,0.3678023412323693,0.7130807738417979,1298,1.4780164765425814e-15,1.0000000000000002,0.8946727721493365,LH,Default,unknown_subregion,Default,unknown,fs8_thickness_schaefer200_7,Default
RH_Cont_PFCmp_1,-0.003772720320925349,0.025981253024308204,-0.1452093291033951,0.8845682146443213,1298,-9.798701825967483e-16,1.0,0.9527210667430197,RH,Cont,prefrontal,Cont,frontal,fs8_thickness_schaefer200_7,Cont
LH_Default_Par_3,-0.016875002019247715,0.026442574800758824,-0.6381754479810889,0.5234723963041508,1298,-9.292344329374191e-16,0.9999999999999998,0.7655008557955756,LH,Default,unknown_subregion,Default,unknown,fs8_thickness_schaefer200_7,Default
RH_Cont_PFCmp_2,-0.016895538011259065,0.02620312458518486,-0.6447909659144899,0.5191769483582213,1298,-6.021548608136442e-17,1.0,0.7655008557955756,RH,Cont,prefrontal,Cont,frontal,fs8_thickness_schaefer200_7,Cont
LH_Default_Par_4,-0.0063375456139625475,0.026072565163274473,-0.2430733445011979,0.8079871047959489,1298,2.5762648306401938e-16,1.0,0.930776061410623,LH,Default,unknown_subregion,Default,unknown,fs8_thickness_schaefer200_7,Default
RH_Default_Par_1,-0.019900365258809283,0.026166988604127018,-0.7605141562094244,0.4470858596951689,1298,1.1447785024332122e-15,1.0000000000000002,0.7283172875679365,RH,Default,unknown_subregion,Default,unknown,fs8_thickness_schaefer200_7,Default
LH_Default_PFC_1,0.02010290242328218,0.025975695926481607,0.7739119860418349,0.43912420623309634,1298,2.559158158457988e-16,0.9999999999999998,0.72557075356542,LH,Default,unknown_subregion,Default,unknown,fs8_thickness_schaefer200_7,Default
RH_Default_Par_2,0.0032162583096246034,0.026132714633678066,0.12307402253111922,0.9020675940366651,1298,4.160342674712451e-16,0.9999999999999999,0.9604479162115466,RH,Default,unknown_subregion,Default,unknown,fs8_thickness_schaefer200_7,Default
LH_Default_PFC_2,0.13556072924287374,0.026148806760418367,5.1842032596329775,2.514893320593733e-07,1298,-2.4633607942376353e-16,0.9999999999999999,8.466807512665567e-06,LH,Default,unknown_subregion,Default,unknown,fs8_thickness_schaefer200_7,Default
RH_Default_Par_3,-0.017635263823914726,0.025954718282125498,-0.6794627332194849,0.49696623284144503,1298,-1.7790939069494034e-16,1.0000000000000002,0.7655008557955756,RH,Default,unknown_subregion,Default,unknown,fs8_thickness_schaefer200_7,Default
LH_Default_PFC_3,0.00808417335521519,0.026090709659168786,0.30984873392948337,0.7567258800123172,1298,5.15937233015327e-16,1.0,0.9044889216715272,LH,Default,unknown_subregion,Default,unknown,fs8_thickness_schaefer200_7,Default
RH_Default_Temp_1,-0.09935099353520063,0.026182408216057034,-3.7945704885263796,0.00015473317997268028,1298,-6.760556846407733e-16,0.9999999999999999,0.0016450580186569167,RH,Default,temporal,Default,temporal,fs8_thickness_schaefer200_7,Default
LH_Default_PFC_4,0.128720405693392,0.025737094628594265,5.001357284142782,6.475179765108625e-07,1298,5.282540369865152e-16,1.0,1.4985885418623307e-05,LH,Default,unknown_subregion,Default,unknown,fs8_thickness_schaefer200_7,Default
RH_Default_Temp_2,-0.012035593774797237,0.026309723887010344,-0.4574580039868628,0.6474186751374308,1298,-4.543532131593861e-16,0.9999999999999999,0.8547619109657583,RH,Default,temporal,Default,temporal,fs8_thickness_schaefer200_7,Default
LH_Default_PFC_5,-0.014502431770657742,0.02613574384798832,-0.5548888087902653,0.5790666156517923,1298,1.0469283375509951e-16,0.9999999999999998,0.817982212319315,LH,Default,unknown_subregion,Default,unknown,fs8_thickness_schaefer200_7,Default
RH_Default_Temp_3,-0.026439433978193927,0.02604867628357212,-1.015001057649453,0.3102950643453067,1298,2.7370675491529283e-17,0.9999999999999999,0.5913170094127542,RH,Default,temporal,Default,temporal,fs8_thickness_schaefer200_7,Default
LH_Default_PFC_6,0.10661056017274435,0.025765479035683825,4.137728626162718,3.7341213598629324e-05,1298,-5.693100502238091e-16,0.9999999999999999,0.00047143282168269523,LH,Default,unknown_subregion,Default,unknown,fs8_thickness_schaefer200_7,Default
RH_Default_Temp_4,0.017967166412685226,0.02623870518746523,0.6847581191341908,0.4936191959942786,1298,-5.829953879695737e-16,1.0,0.7655008557955756,RH,Default,temporal,Default,temporal,fs8_thickness_schaefer200_7,Default
LH_Default_PFC_7,0.052202474641253105,0.026054764221218083,2.003567339854922,0.045324603059356344,1298,1.0537710064238773e-15,1.0000000000000002,0.16681138965900405,LH,Default,unknown_subregion,Default,unknown,fs8_thickness_schaefer200_7,Default
RH_Default_Temp_5,0.029534325689127797,0.026119335028794197,1.130745696878151,0.2583716713165466,1298,8.895469534747017e-16,1.0,0.5322988859487973,RH,Default,temporal,Default,temporal,fs8_thickness_schaefer200_7,Default
LH_Default_PFC_8,0.07684973264477724,0.02598915467665796,2.9569923916686474,0.003162904602702963,1298,1.5204410235544518e-15,1.0,0.02281809749092852,LH,Default,unknown_subregion,Default,unknown,fs8_thickness_schaefer200_7,Default
RH_Default_PFCv_1,0.02211000039495259,0.025780337906853735,0.8576303567019817,0.39125541965520705,1298,-5.939436581661854e-16,1.0,0.6755008100030071,RH,Default,prefrontal,Default,frontal,fs8_thickness_schaefer200_7,Default
LH_Default_PFC_9,-0.0011561281636031928,0.026189657201453657,-0.04414445575633658,0.9647960675989289,1298,-1.1495683706442298e-16,1.0,0.9850493982214757,LH,Default,unknown_subregion,Default,unknown,fs8_thickness_schaefer200_7,Default
RH_Default_PFCdPFCm_1,0.11080664955142461,0.025781036398368318,4.297990501205668,1.852689141692163e-05,1298,1.1605166408408415e-15,1.0,0.0003118693388515141,RH,Default,prefrontal,Default,frontal,fs8_thickness_schaefer200_7,Default
LH_Default_PFC_10,-0.013795488939558509,0.026100660940024684,-0.5285494099654574,0.5972087003806779,1298,-4.2150840256955097e-16,1.0,0.8319734998406685,LH,Default,unknown_subregion,Default,unknown,fs8_thickness_schaefer200_7,Default
RH_Default_PFCdPFCm_2,0.15542137726905564,0.025737839200626358,6.038633471036422,2.027696302519285e-09,1298,-8.7859868327809e-16,1.0,2.0479732655444778e-07,RH,Default,prefrontal,Default,frontal,fs8_thickness_schaefer200_7,Default
LH_Default_PFC_11,0.020902147445348462,0.026059867723823436,0.8020818703634522,0.4226528738396752,1298,4.707756184543037e-16,0.9999999999999999,0.7130975181413748,LH,Default,unknown_subregion,Default,unknown,fs8_thickness_schaefer200_7,Default
RH_Default_PFCdPFCm_3,0.10729911974701842,0.026934386606463447,3.9837224182885174,7.162507324594171e-05,1298,-4.762497535526095e-16,1.0,0.0008037924886489014,RH,Default,prefrontal,Default,frontal,fs8_thickness_schaefer200_7,Default
LH_Default_PFC_12,0.020662332352567342,0.025996434864450798,0.7948140758647775,0.4268674126341613,1298,1.91594728440705e-17,1.0,0.7130975181413748,LH,Default,unknown_subregion,Default,unknown,fs8_thickness_schaefer200_7,Default
RH_Default_PFCdPFCm_4,0.06964710027061638,0.025893994574526086,2.6897008906896733,0.007243563450888651,1298,1.9980593108816376e-16,1.0,0.0418057090594145,RH,Default,prefrontal,Default,frontal,fs8_thickness_schaefer200_7,Default
LH_Default_PFC_13,-0.03780931086020217,0.026188040213914597,-1.4437625172162671,0.14904784233545748,1298,1.0948270196611714e-17,1.0000000000000002,0.35160821063104547,LH,Default,unknown_subregion,Default,unknown,fs8_thickness_schaefer200_7,Default
RH_Default_PFCdPFCm_5,0.031927725772854604,0.02613598950000547,1.2216000382479464,0.2220814171333825,1298,-1.0524024726493009e-15,1.0,0.4722152237994028,RH,Default,prefrontal,Default,frontal,fs8_thickness_schaefer200_7,Default
LH_Default_pCunPCC_1,0.024761554142238934,0.02603515229407693,0.9510815939368351,0.34174056221366267,1298,-4.57090280708539e-16,1.0,0.6212545398405179,LH,Default,precuneus_pcc,Default,cingulate,fs8_thickness_schaefer200_7,Default
RH_Default_PFCdPFCm_6,0.017231615034787345,0.026268106985816584,0.6559899822279361,0.5119471898339321,1298,-9.251288316136898e-16,1.0000000000000002,0.7655008557955756,RH,Default,prefrontal,Default,frontal,fs8_thickness_schaefer200_7,Default
LH_Default_pCunPCC_2,0.014990937029624382,0.026147862600601403,0.5733140508884114,0.5665316900931977,1298,9.11443493867925e-16,1.0,0.8059112774565207,LH,Default,precuneus_pcc,Default,cingulate,fs8_thickness_schaefer200_7,Default
RH_Default_PFCdPFCm_7,-0.03251025385603784,0.026387188410825716,-1.232046906623066,0.21815538931731035,1298,-5.843639217441502e-16,1.0,0.46880200683081585,RH,Default,prefrontal,Default,frontal,fs8_thickness_schaefer200_7,Default
LH_Default_pCunPCC_3,0.06220875192527446,0.02611614996084111,2.3820031673332807,0.017362562600893354,1298,5.871009892933031e-16,1.0,0.07970994648591949,LH,Default,precuneus_pcc,Default,cingulate,fs8_thickness_schaefer200_7,Default
RH_Default_pCunPCC_1,0.0019733402202299632,0.025974037267397013,0.07597356544594354,0.9394518730171202,1298,-3.818209231068335e-16,0.9999999999999999,0.9781921564405066,RH,Default,precuneus_pcc,Default,cingulate,fs8_thickness_schaefer200_7,Default
LH_Default_pCunPCC_4,0.01281801048414448,0.026435581114607972,0.4848771974625293,0.6278455270595336,1298,1.6148698540002277e-16,0.9999999999999998,0.8547619109657583,LH,Default,precuneus_pcc,Default,cingulate,fs8_thickness_schaefer200_7,Default
RH_Default_pCunPCC_2,0.02439157269764032,0.025961140966546548,0.9395416298948969,0.3476280714280664,1298,3.941377270780217e-16,1.0,0.6212545398405179,RH,Default,precuneus_pcc,Default,cingulate,fs8_thickness_schaefer200_7,Default
LH_Default_PHC_1,-0.05319803681070909,0.026589025616600225,-2.0007516476081832,0.045627747734936906,1298,6.897410223865379e-16,1.0,0.16681138965900405,LH,Default,parahippocampal,Default,temporal,fs8_thickness_schaefer200_7,Default
RH_Default_pCunPCC_3,0.07613646847922165,0.02611751591579925,2.9151496920564512,0.003616386459254657,1298,-2.09385667510199e-15,1.0,0.024529821655874997,RH,Default,precuneus_pcc,Default,cingulate,fs8_thickness_schaefer200_7,Default
