pair_id,experiment_id,direction_retention_all,direction_retention_source_support,sign_flip_fraction_all,sign_flip_fraction_source_support
E1_ADNI_TO_AIBL_VOLUME_TRANSFER_001_ADNI_BASELINE_FS8_CORTICAL_VOLUME_TO_AIBL_BASELINE_FS8_CORTICAL_VOLUME_DX_CN_AD,E1_ADNI_TO_AIBL_VOLUME_TRANSFER,1.0,1.0,0.0,0.0
E1_ADNI_TO_AIBL_VOLUME_TRANSFER_002_ADNI_BASELINE_FS8_CORTICAL_VOLUME_TO_AIBL_BASELINE_FS8_CORTICAL_VOLUME_DX_CN_MCI,E1_ADNI_TO_AIBL_VOLUME_TRANSFER,0.8088235294117647,0.95,0.19117647058823528,0.050000000000000044
E1_ADNI_TO_AIBL_VOLUME_TRANSFER_003_ADNI_BASELINE_FS8_CORTICAL_VOLUME_TO_AIBL_BASELINE_FS8_CORTICAL_VOLUME_MMSE,E1_ADNI_TO_AIBL_VOLUME_TRANSFER,1.0,1.0,0.0,0.0
E1_ADNI_TO_AIBL_VOLUME_TRANSFER_004_ADNI_BASELINE_FS8_CORTICAL_VOLUME_TO_AIBL_BASELINE_FS8_CORTICAL_VOLUME_AGE,E1_ADNI_TO_AIBL_VOLUME_TRANSFER,0.9705882352941176,1.0,0.02941176470588236,0.0
E1_ADNI_TO_AIBL_VOLUME_TRANSFER_005_ADNI_BASELINE_FS8_SUBCORTICAL_VOLUME_TO_AIBL_BASELINE_FS8_SUBCORTICAL_VOLUME_DX_CN_AD,E1_ADNI_TO_AIBL_VOLUME_TRANSFER,0.921875,1.0,0.078125,0.0
E1_ADNI_TO_AIBL_VOLUME_TRANSFER_006_ADNI_BASELINE_FS8_SUBCORTICAL_VOLUME_TO_AIBL_BASELINE_FS8_SUBCORTICAL_VOLUME_DX_CN_MCI,E1_ADNI_TO_AIBL_VOLUME_TRANSFER,0.515625,1.0,0.484375,0.0
E1_ADNI_TO_AIBL_VOLUME_TRANSFER_007_ADNI_BASELINE_FS8_SUBCORTICAL_VOLUME_TO_AIBL_BASELINE_FS8_SUBCORTICAL_VOLUME_MMSE,E1_ADNI_TO_AIBL_VOLUME_TRANSFER,0.765625,1.0,0.234375,0.0
E1_ADNI_TO_AIBL_VOLUME_TRANSFER_008_ADNI_BASELINE_FS8_SUBCORTICAL_VOLUME_TO_AIBL_BASELINE_FS8_SUBCORTICAL_VOLUME_AGE,E1_ADNI_TO_AIBL_VOLUME_TRANSFER,0.703125,1.0,0.296875,0.0
E2_ADNI_TO_OASIS_VOLUME_TRANSFER_009_ADNI_BASELINE_FS8_CORTICAL_VOLUME_TO_OASIS1_BASELINE_FS8_CORTICAL_VOLUME_MMSE,E2_ADNI_TO_OASIS_VOLUME_TRANSFER,1.0,1.0,0.0,0.0
E2_ADNI_TO_OASIS_VOLUME_TRANSFER_010_ADNI_BASELINE_FS8_CORTICAL_VOLUME_TO_OASIS1_BASELINE_FS8_CORTICAL_VOLUME_AGE,E2_ADNI_TO_OASIS_VOLUME_TRANSFER,1.0,1.0,0.0,0.0
E2_ADNI_TO_OASIS_VOLUME_TRANSFER_011_ADNI_BASELINE_FS8_CORTICAL_VOLUME_TO_OASIS1_BASELINE_FS8_CORTICAL_VOLUME_AD_TO_CDR,E2_ADNI_TO_OASIS_VOLUME_TRANSFER,0.9705882352941176,1.0,0.02941176470588236,0.0
E2_ADNI_TO_OASIS_VOLUME_TRANSFER_012_ADNI_BASELINE_FS8_SUBCORTICAL_VOLUME_TO_OASIS1_BASELINE_FS8_SUBCORTICAL_VOLUME_MMSE,E2_ADNI_TO_OASIS_VOLUME_TRANSFER,0.9622641509433962,1.0,0.037735849056603765,0.0
E2_ADNI_TO_OASIS_VOLUME_TRANSFER_013_ADNI_BASELINE_FS8_SUBCORTICAL_VOLUME_TO_OASIS1_BASELINE_FS8_SUBCORTICAL_VOLUME_AGE,E2_ADNI_TO_OASIS_VOLUME_TRANSFER,0.8867924528301887,1.0,0.1132075471698113,0.0
E2_ADNI_TO_OASIS_VOLUME_TRANSFER_014_ADNI_BASELINE_FS8_SUBCORTICAL_VOLUME_TO_OASIS1_BASELINE_FS8_SUBCORTICAL_VOLUME_AD_TO_CDR,E2_ADNI_TO_OASIS_VOLUME_TRANSFER,0.7735849056603774,1.0,0.2264150943396226,0.0
E3_FS8_VS_SPM_THICKNESS_DRIFT_015_ADNI_SPM_MATCHED_FS8_THICKNESS_SCHAEFER200_7_TO_ADNI_SPM_MATCHED_SPM_THICKNESS_SCHAEFER200_7_DX_CN_AD,E3_FS8_VS_SPM_THICKNESS_DRIFT,0.9752475247524752,1.0,0.024752475247524774,0.0
E3_FS8_VS_SPM_THICKNESS_DRIFT_016_ADNI_SPM_MATCHED_FS8_THICKNESS_SCHAEFER200_7_TO_ADNI_SPM_MATCHED_SPM_THICKNESS_SCHAEFER200_7_DX_CN_MCI,E3_FS8_VS_SPM_THICKNESS_DRIFT,0.8663366336633663,0.9,0.13366336633663367,0.09999999999999998
E3_FS8_VS_SPM_THICKNESS_DRIFT_017_ADNI_SPM_MATCHED_FS8_THICKNESS_SCHAEFER200_7_TO_ADNI_SPM_MATCHED_SPM_THICKNESS_SCHAEFER200_7_MMSE,E3_FS8_VS_SPM_THICKNESS_DRIFT,0.9851485148514851,1.0,0.014851485148514865,0.0
E3_FS8_VS_SPM_THICKNESS_DRIFT_018_ADNI_SPM_MATCHED_FS8_THICKNESS_SCHAEFER200_7_TO_ADNI_SPM_MATCHED_SPM_THICKNESS_SCHAEFER200_7_AGE,E3_FS8_VS_SPM_THICKNESS_DRIFT,0.995049504950495,1.0,0.004950495049504955,0.0
E3_FS8_VS_SPM_THICKNESS_DRIFT_019_ADNI_SPM_MATCHED_FS8_THICKNESS_SCHAEFER200_7_TO_ADNI_SPM_MATCHED_SPM_THICKNESS_SCHAEFER200_17_DX_CN_AD,E3_FS8_VS_SPM_THICKNESS_DRIFT,,1.0,,
E3_FS8_VS_SPM_THICKNESS_DRIFT_020_ADNI_SPM_MATCHED_FS8_THICKNESS_SCHAEFER200_7_TO_ADNI_SPM_MATCHED_SPM_THICKNESS_SCHAEFER200_17_DX_CN_MCI,E3_FS8_VS_SPM_THICKNESS_DRIFT,,1.0,,
E3_FS8_VS_SPM_THICKNESS_DRIFT_021_ADNI_SPM_MATCHED_FS8_THICKNESS_SCHAEFER200_7_TO_ADNI_SPM_MATCHED_SPM_THICKNESS_SCHAEFER200_17_MMSE,E3_FS8_VS_SPM_THICKNESS_DRIFT,,1.0,,
E3_FS8_VS_SPM_THICKNESS_DRIFT_022_ADNI_SPM_MATCHED_FS8_THICKNESS_SCHAEFER200_7_TO_ADNI_SPM_MATCHED_SPM_THICKNESS_SCHAEFER200_17_AGE,E3_FS8_VS_SPM_THICKNESS_DRIFT,,1.0,,
E3_FS8_VS_SPM_THICKNESS_DRIFT_023_ADNI_SPM_MATCHED_SPM_THICKNESS_SCHAEFER200_7_TO_ADNI_SPM_MATCHED_SPM_THICKNESS_SCHAEFER200_17_DX_CN_AD,E3_FS8_VS_SPM_THICKNESS_DRIFT,,1.0,,
E3_FS8_VS_SPM_THICKNESS_DRIFT_024_ADNI_SPM_MATCHED_SPM_THICKNESS_SCHAEFER200_7_TO_ADNI_SPM_MATCHED_SPM_THICKNESS_SCHAEFER200_17_DX_CN_MCI,E3_FS8_VS_SPM_THICKNESS_DRIFT,,1.0,,
E3_FS8_VS_SPM_THICKNESS_DRIFT_025_ADNI_SPM_MATCHED_SPM_THICKNESS_SCHAEFER200_7_TO_ADNI_SPM_MATCHED_SPM_THICKNESS_SCHAEFER200_17_MMSE,E3_FS8_VS_SPM_THICKNESS_DRIFT,,1.0,,
E3_FS8_VS_SPM_THICKNESS_DRIFT_026_ADNI_SPM_MATCHED_SPM_THICKNESS_SCHAEFER200_7_TO_ADNI_SPM_MATCHED_SPM_THICKNESS_SCHAEFER200_17_AGE,E3_FS8_VS_SPM_THICKNESS_DRIFT,,1.0,,
E4_FS8_VS_FASTSURFER_VOLUME_DRIFT_027_ADNI_BASELINE_FS8_CORTICAL_VOLUME_TO_ADNI_BASELINE_FASTSURFER_CORTICAL_VOLUME_DX_CN_AD,E4_FS8_VS_FASTSURFER_VOLUME_DRIFT,0.1774193548387097,0.6875,0.8225806451612903,0.3125
E4_FS8_VS_FASTSURFER_VOLUME_DRIFT_028_ADNI_BASELINE_FS8_CORTICAL_VOLUME_TO_ADNI_BASELINE_FASTSURFER_CORTICAL_VOLUME_DX_CN_MCI,E4_FS8_VS_FASTSURFER_VOLUME_DRIFT,0.0967741935483871,0.1875,0.9032258064516129,0.8125
E4_FS8_VS_FASTSURFER_VOLUME_DRIFT_029_ADNI_BASELINE_FS8_CORTICAL_VOLUME_TO_ADNI_BASELINE_FASTSURFER_CORTICAL_VOLUME_MMSE,E4_FS8_VS_FASTSURFER_VOLUME_DRIFT,0.1935483870967742,0.6470588235294118,0.8064516129032258,0.3529411764705882
E4_FS8_VS_FASTSURFER_VOLUME_DRIFT_030_ADNI_BASELINE_FS8_CORTICAL_VOLUME_TO_ADNI_BASELINE_FASTSURFER_CORTICAL_VOLUME_AGE,E4_FS8_VS_FASTSURFER_VOLUME_DRIFT,0.0,0.0,1.0,1.0
E4_FS8_VS_FASTSURFER_VOLUME_DRIFT_031_ADNI_BASELINE_FS8_SUBCORTICAL_VOLUME_TO_ADNI_BASELINE_FASTSURFER_SUBCORTICAL_VOLUME_DX_CN_AD,E4_FS8_VS_FASTSURFER_VOLUME_DRIFT,0.3191489361702128,0.5625,0.6808510638297872,0.4375
E4_FS8_VS_FASTSURFER_VOLUME_DRIFT_032_ADNI_BASELINE_FS8_SUBCORTICAL_VOLUME_TO_ADNI_BASELINE_FASTSURFER_SUBCORTICAL_VOLUME_DX_CN_MCI,E4_FS8_VS_FASTSURFER_VOLUME_DRIFT,0.2765957446808511,0.5294117647058824,0.7234042553191489,0.47058823529411764
E4_FS8_VS_FASTSURFER_VOLUME_DRIFT_033_ADNI_BASELINE_FS8_SUBCORTICAL_VOLUME_TO_ADNI_BASELINE_FASTSURFER_SUBCORTICAL_VOLUME_MMSE,E4_FS8_VS_FASTSURFER_VOLUME_DRIFT,0.2553191489361702,0.5625,0.7446808510638299,0.4375
E4_FS8_VS_FASTSURFER_VOLUME_DRIFT_034_ADNI_BASELINE_FS8_SUBCORTICAL_VOLUME_TO_ADNI_BASELINE_FASTSURFER_SUBCORTICAL_VOLUME_AGE,E4_FS8_VS_FASTSURFER_VOLUME_DRIFT,0.19148936170212766,0.35294117647058826,0.8085106382978724,0.6470588235294117
E5_FS8_THICKNESS_ATLAS_SENSITIVITY_035_ADNI_BASELINE_FS8_THICKNESS_SCHAEFER200_7_TO_ADNI_BASELINE_FS8_THICKNESS_KONG200_17_DX_CN_AD,E5_FS8_THICKNESS_ATLAS_SENSITIVITY,,1.0,,
E5_FS8_THICKNESS_ATLAS_SENSITIVITY_036_ADNI_BASELINE_FS8_THICKNESS_SCHAEFER200_7_TO_ADNI_BASELINE_FS8_THICKNESS_KONG200_17_DX_CN_MCI,E5_FS8_THICKNESS_ATLAS_SENSITIVITY,,1.0,,
E5_FS8_THICKNESS_ATLAS_SENSITIVITY_037_ADNI_BASELINE_FS8_THICKNESS_SCHAEFER200_7_TO_ADNI_BASELINE_FS8_THICKNESS_KONG200_17_MMSE,E5_FS8_THICKNESS_ATLAS_SENSITIVITY,,1.0,,
E5_FS8_THICKNESS_ATLAS_SENSITIVITY_038_ADNI_BASELINE_FS8_THICKNESS_SCHAEFER200_7_TO_ADNI_BASELINE_FS8_THICKNESS_KONG200_17_AGE,E5_FS8_THICKNESS_ATLAS_SENSITIVITY,,1.0,,
E5_FS8_THICKNESS_ATLAS_SENSITIVITY_039_ADNI_BASELINE_FS8_THICKNESS_SCHAEFER200_7_TO_ADNI_BASELINE_FS8_THICKNESS_YALE696_DX_CN_AD,E5_FS8_THICKNESS_ATLAS_SENSITIVITY,,1.0,,
E5_FS8_THICKNESS_ATLAS_SENSITIVITY_040_ADNI_BASELINE_FS8_THICKNESS_SCHAEFER200_7_TO_ADNI_BASELINE_FS8_THICKNESS_YALE696_DX_CN_MCI,E5_FS8_THICKNESS_ATLAS_SENSITIVITY,,1.0,,
E5_FS8_THICKNESS_ATLAS_SENSITIVITY_041_ADNI_BASELINE_FS8_THICKNESS_SCHAEFER200_7_TO_ADNI_BASELINE_FS8_THICKNESS_YALE696_MMSE,E5_FS8_THICKNESS_ATLAS_SENSITIVITY,,1.0,,
E5_FS8_THICKNESS_ATLAS_SENSITIVITY_042_ADNI_BASELINE_FS8_THICKNESS_SCHAEFER200_7_TO_ADNI_BASELINE_FS8_THICKNESS_YALE696_AGE,E5_FS8_THICKNESS_ATLAS_SENSITIVITY,,1.0,,
E5_FS8_THICKNESS_ATLAS_SENSITIVITY_043_ADNI_BASELINE_FS8_THICKNESS_KONG200_17_TO_ADNI_BASELINE_FS8_THICKNESS_YALE696_DX_CN_AD,E5_FS8_THICKNESS_ATLAS_SENSITIVITY,,1.0,,
E5_FS8_THICKNESS_ATLAS_SENSITIVITY_044_ADNI_BASELINE_FS8_THICKNESS_KONG200_17_TO_ADNI_BASELINE_FS8_THICKNESS_YALE696_DX_CN_MCI,E5_FS8_THICKNESS_ATLAS_SENSITIVITY,,1.0,,
E5_FS8_THICKNESS_ATLAS_SENSITIVITY_045_ADNI_BASELINE_FS8_THICKNESS_KONG200_17_TO_ADNI_BASELINE_FS8_THICKNESS_YALE696_MMSE,E5_FS8_THICKNESS_ATLAS_SENSITIVITY,,1.0,,
E5_FS8_THICKNESS_ATLAS_SENSITIVITY_046_ADNI_BASELINE_FS8_THICKNESS_KONG200_17_TO_ADNI_BASELINE_FS8_THICKNESS_YALE696_AGE,E5_FS8_THICKNESS_ATLAS_SENSITIVITY,,1.0,,
E5_FS8_THICKNESS_ATLAS_SENSITIVITY_047_AIBL_BASELINE_FS8_THICKNESS_SCHAEFER200_7_TO_AIBL_BASELINE_FS8_THICKNESS_KONG200_17_DX_CN_AD,E5_FS8_THICKNESS_ATLAS_SENSITIVITY,,1.0,,
E5_FS8_THICKNESS_ATLAS_SENSITIVITY_048_AIBL_BASELINE_FS8_THICKNESS_SCHAEFER200_7_TO_AIBL_BASELINE_FS8_THICKNESS_KONG200_17_DX_CN_MCI,E5_FS8_THICKNESS_ATLAS_SENSITIVITY,,1.0,,
E5_FS8_THICKNESS_ATLAS_SENSITIVITY_049_AIBL_BASELINE_FS8_THICKNESS_SCHAEFER200_7_TO_AIBL_BASELINE_FS8_THICKNESS_KONG200_17_MMSE,E5_FS8_THICKNESS_ATLAS_SENSITIVITY,,1.0,,
E5_FS8_THICKNESS_ATLAS_SENSITIVITY_050_AIBL_BASELINE_FS8_THICKNESS_SCHAEFER200_7_TO_AIBL_BASELINE_FS8_THICKNESS_KONG200_17_AGE,E5_FS8_THICKNESS_ATLAS_SENSITIVITY,,0.6666666666666666,,
E5_FS8_THICKNESS_ATLAS_SENSITIVITY_051_AIBL_BASELINE_FS8_THICKNESS_SCHAEFER200_7_TO_AIBL_BASELINE_FS8_THICKNESS_YALE696_DX_CN_AD,E5_FS8_THICKNESS_ATLAS_SENSITIVITY,,1.0,,
E5_FS8_THICKNESS_ATLAS_SENSITIVITY_052_AIBL_BASELINE_FS8_THICKNESS_SCHAEFER200_7_TO_AIBL_BASELINE_FS8_THICKNESS_YALE696_DX_CN_MCI,E5_FS8_THICKNESS_ATLAS_SENSITIVITY,,1.0,,
E5_FS8_THICKNESS_ATLAS_SENSITIVITY_053_AIBL_BASELINE_FS8_THICKNESS_SCHAEFER200_7_TO_AIBL_BASELINE_FS8_THICKNESS_YALE696_MMSE,E5_FS8_THICKNESS_ATLAS_SENSITIVITY,,1.0,,
E5_FS8_THICKNESS_ATLAS_SENSITIVITY_054_AIBL_BASELINE_FS8_THICKNESS_SCHAEFER200_7_TO_AIBL_BASELINE_FS8_THICKNESS_YALE696_AGE,E5_FS8_THICKNESS_ATLAS_SENSITIVITY,,0.6,,
E5_FS8_THICKNESS_ATLAS_SENSITIVITY_055_AIBL_BASELINE_FS8_THICKNESS_KONG200_17_TO_AIBL_BASELINE_FS8_THICKNESS_YALE696_DX_CN_AD,E5_FS8_THICKNESS_ATLAS_SENSITIVITY,,1.0,,
E5_FS8_THICKNESS_ATLAS_SENSITIVITY_056_AIBL_BASELINE_FS8_THICKNESS_KONG200_17_TO_AIBL_BASELINE_FS8_THICKNESS_YALE696_DX_CN_MCI,E5_FS8_THICKNESS_ATLAS_SENSITIVITY,,0.8333333333333334,,
E5_FS8_THICKNESS_ATLAS_SENSITIVITY_057_AIBL_BASELINE_FS8_THICKNESS_KONG200_17_TO_AIBL_BASELINE_FS8_THICKNESS_YALE696_MMSE,E5_FS8_THICKNESS_ATLAS_SENSITIVITY,,1.0,,
E5_FS8_THICKNESS_ATLAS_SENSITIVITY_058_AIBL_BASELINE_FS8_THICKNESS_KONG200_17_TO_AIBL_BASELINE_FS8_THICKNESS_YALE696_AGE,E5_FS8_THICKNESS_ATLAS_SENSITIVITY,,0.6666666666666666,,
E5_FS8_THICKNESS_ATLAS_SENSITIVITY_059_OASIS1_BASELINE_FS8_THICKNESS_SCHAEFER200_7_TO_OASIS1_BASELINE_FS8_THICKNESS_KONG200_17_CDR,E5_FS8_THICKNESS_ATLAS_SENSITIVITY,,1.0,,
E5_FS8_THICKNESS_ATLAS_SENSITIVITY_060_OASIS1_BASELINE_FS8_THICKNESS_SCHAEFER200_7_TO_OASIS1_BASELINE_FS8_THICKNESS_KONG200_17_MMSE,E5_FS8_THICKNESS_ATLAS_SENSITIVITY,,1.0,,
E5_FS8_THICKNESS_ATLAS_SENSITIVITY_061_OASIS1_BASELINE_FS8_THICKNESS_SCHAEFER200_7_TO_OASIS1_BASELINE_FS8_THICKNESS_KONG200_17_AGE,E5_FS8_THICKNESS_ATLAS_SENSITIVITY,,1.0,,
E5_FS8_THICKNESS_ATLAS_SENSITIVITY_062_OASIS1_BASELINE_FS8_THICKNESS_SCHAEFER200_7_TO_OASIS1_BASELINE_FS8_THICKNESS_YALE696_CDR,E5_FS8_THICKNESS_ATLAS_SENSITIVITY,,1.0,,
E5_FS8_THICKNESS_ATLAS_SENSITIVITY_063_OASIS1_BASELINE_FS8_THICKNESS_SCHAEFER200_7_TO_OASIS1_BASELINE_FS8_THICKNESS_YALE696_MMSE,E5_FS8_THICKNESS_ATLAS_SENSITIVITY,,1.0,,
E5_FS8_THICKNESS_ATLAS_SENSITIVITY_064_OASIS1_BASELINE_FS8_THICKNESS_SCHAEFER200_7_TO_OASIS1_BASELINE_FS8_THICKNESS_YALE696_AGE,E5_FS8_THICKNESS_ATLAS_SENSITIVITY,,1.0,,
E5_FS8_THICKNESS_ATLAS_SENSITIVITY_065_OASIS1_BASELINE_FS8_THICKNESS_KONG200_17_TO_OASIS1_BASELINE_FS8_THICKNESS_YALE696_CDR,E5_FS8_THICKNESS_ATLAS_SENSITIVITY,,1.0,,
E5_FS8_THICKNESS_ATLAS_SENSITIVITY_066_OASIS1_BASELINE_FS8_THICKNESS_KONG200_17_TO_OASIS1_BASELINE_FS8_THICKNESS_YALE696_MMSE,E5_FS8_THICKNESS_ATLAS_SENSITIVITY,,1.0,,
E5_FS8_THICKNESS_ATLAS_SENSITIVITY_067_OASIS1_BASELINE_FS8_THICKNESS_KONG200_17_TO_OASIS1_BASELINE_FS8_THICKNESS_YALE696_AGE,E5_FS8_THICKNESS_ATLAS_SENSITIVITY,,1.0,,
E6_FS8_VOLUME_VS_THICKNESS_SENSITIVITY_068_ADNI_BASELINE_FS8_CORTICAL_VOLUME_TO_ADNI_BASELINE_FS8_THICKNESS_SCHAEFER200_7_DX_CN_AD,E6_FS8_VOLUME_VS_THICKNESS_SENSITIVITY,,0.0,,
E6_FS8_VOLUME_VS_THICKNESS_SENSITIVITY_069_ADNI_BASELINE_FS8_CORTICAL_VOLUME_TO_ADNI_BASELINE_FS8_THICKNESS_SCHAEFER200_7_DX_CN_MCI,E6_FS8_VOLUME_VS_THICKNESS_SENSITIVITY,,0.0,,
E6_FS8_VOLUME_VS_THICKNESS_SENSITIVITY_070_ADNI_BASELINE_FS8_CORTICAL_VOLUME_TO_ADNI_BASELINE_FS8_THICKNESS_SCHAEFER200_7_MMSE,E6_FS8_VOLUME_VS_THICKNESS_SENSITIVITY,,0.0,,
E6_FS8_VOLUME_VS_THICKNESS_SENSITIVITY_071_ADNI_BASELINE_FS8_CORTICAL_VOLUME_TO_ADNI_BASELINE_FS8_THICKNESS_SCHAEFER200_7_AGE,E6_FS8_VOLUME_VS_THICKNESS_SENSITIVITY,,0.0,,
E6_FS8_VOLUME_VS_THICKNESS_SENSITIVITY_076_AIBL_BASELINE_FS8_CORTICAL_VOLUME_TO_AIBL_BASELINE_FS8_THICKNESS_SCHAEFER200_7_DX_CN_AD,E6_FS8_VOLUME_VS_THICKNESS_SENSITIVITY,,1.0,,
E6_FS8_VOLUME_VS_THICKNESS_SENSITIVITY_077_AIBL_BASELINE_FS8_CORTICAL_VOLUME_TO_AIBL_BASELINE_FS8_THICKNESS_SCHAEFER200_7_DX_CN_MCI,E6_FS8_VOLUME_VS_THICKNESS_SENSITIVITY,,1.0,,
E6_FS8_VOLUME_VS_THICKNESS_SENSITIVITY_078_AIBL_BASELINE_FS8_CORTICAL_VOLUME_TO_AIBL_BASELINE_FS8_THICKNESS_SCHAEFER200_7_MMSE,E6_FS8_VOLUME_VS_THICKNESS_SENSITIVITY,,1.0,,
E6_FS8_VOLUME_VS_THICKNESS_SENSITIVITY_079_AIBL_BASELINE_FS8_CORTICAL_VOLUME_TO_AIBL_BASELINE_FS8_THICKNESS_SCHAEFER200_7_AGE,E6_FS8_VOLUME_VS_THICKNESS_SENSITIVITY,,0.4,,
E6_FS8_VOLUME_VS_THICKNESS_SENSITIVITY_084_OASIS1_BASELINE_FS8_CORTICAL_VOLUME_TO_OASIS1_BASELINE_FS8_THICKNESS_SCHAEFER200_7_CDR,E6_FS8_VOLUME_VS_THICKNESS_SENSITIVITY,,1.0,,
E6_FS8_VOLUME_VS_THICKNESS_SENSITIVITY_085_OASIS1_BASELINE_FS8_CORTICAL_VOLUME_TO_OASIS1_BASELINE_FS8_THICKNESS_SCHAEFER200_7_MMSE,E6_FS8_VOLUME_VS_THICKNESS_SENSITIVITY,,1.0,,
E6_FS8_VOLUME_VS_THICKNESS_SENSITIVITY_086_OASIS1_BASELINE_FS8_CORTICAL_VOLUME_TO_OASIS1_BASELINE_FS8_THICKNESS_SCHAEFER200_7_AGE,E6_FS8_VOLUME_VS_THICKNESS_SENSITIVITY,,1.0,,
