pair_id,experiment_id,evidence_spearman,evidence_pearson,rank_overlap_topk,weighted_jaccard_abs,n_matched
E1_ADNI_TO_AIBL_VOLUME_TRANSFER_001_ADNI_BASELINE_FS8_CORTICAL_VOLUME_TO_AIBL_BASELINE_FS8_CORTICAL_VOLUME_DX_CN_AD,E1_ADNI_TO_AIBL_VOLUME_TRANSFER,0.8747184792151772,0.8819623977647233,0.8181818181818182,0.7583190406407989,68
E1_ADNI_TO_AIBL_VOLUME_TRANSFER_002_ADNI_BASELINE_FS8_CORTICAL_VOLUME_TO_AIBL_BASELINE_FS8_CORTICAL_VOLUME_DX_CN_MCI,E1_ADNI_TO_AIBL_VOLUME_TRANSFER,0.6528228423101882,0.6928496624323119,0.48148148148148145,0.4825045778743987,68
E1_ADNI_TO_AIBL_VOLUME_TRANSFER_003_ADNI_BASELINE_FS8_CORTICAL_VOLUME_TO_AIBL_BASELINE_FS8_CORTICAL_VOLUME_MMSE,E1_ADNI_TO_AIBL_VOLUME_TRANSFER,0.9082337672252546,0.8986857265587169,0.6666666666666666,0.7775811182456828,68
E1_ADNI_TO_AIBL_VOLUME_TRANSFER_004_ADNI_BASELINE_FS8_CORTICAL_VOLUME_TO_AIBL_BASELINE_FS8_CORTICAL_VOLUME_AGE,E1_ADNI_TO_AIBL_VOLUME_TRANSFER,0.4549375882734664,0.4879961208145823,0.3333333333333333,0.6232750607251868,68
E1_ADNI_TO_AIBL_VOLUME_TRANSFER_005_ADNI_BASELINE_FS8_SUBCORTICAL_VOLUME_TO_AIBL_BASELINE_FS8_SUBCORTICAL_VOLUME_DX_CN_AD,E1_ADNI_TO_AIBL_VOLUME_TRANSFER,0.9809940174873448,0.9916594435144591,0.9047619047619048,0.609151057750497,64
E1_ADNI_TO_AIBL_VOLUME_TRANSFER_006_ADNI_BASELINE_FS8_SUBCORTICAL_VOLUME_TO_AIBL_BASELINE_FS8_SUBCORTICAL_VOLUME_DX_CN_MCI,E1_ADNI_TO_AIBL_VOLUME_TRANSFER,0.8654855039116431,0.9559361334625761,0.6,0.5714719149050824,64
E1_ADNI_TO_AIBL_VOLUME_TRANSFER_007_ADNI_BASELINE_FS8_SUBCORTICAL_VOLUME_TO_AIBL_BASELINE_FS8_SUBCORTICAL_VOLUME_MMSE,E1_ADNI_TO_AIBL_VOLUME_TRANSFER,0.9679705476300048,0.9827311658723987,0.9047619047619048,0.673051876490451,64
E1_ADNI_TO_AIBL_VOLUME_TRANSFER_008_ADNI_BASELINE_FS8_SUBCORTICAL_VOLUME_TO_AIBL_BASELINE_FS8_SUBCORTICAL_VOLUME_AGE,E1_ADNI_TO_AIBL_VOLUME_TRANSFER,0.9496548550391167,0.9550281385439976,0.6,0.7522946004171569,64
E2_ADNI_TO_OASIS_VOLUME_TRANSFER_009_ADNI_BASELINE_FS8_CORTICAL_VOLUME_TO_OASIS1_BASELINE_FS8_CORTICAL_VOLUME_MMSE,E2_ADNI_TO_OASIS_VOLUME_TRANSFER,0.7649349162117799,0.8212613433720816,0.6666666666666666,0.3709687511252701,68
E2_ADNI_TO_OASIS_VOLUME_TRANSFER_010_ADNI_BASELINE_FS8_CORTICAL_VOLUME_TO_OASIS1_BASELINE_FS8_CORTICAL_VOLUME_AGE,E2_ADNI_TO_OASIS_VOLUME_TRANSFER,0.6861854410810398,0.7133731660484055,0.42857142857142855,0.7159450163003335,68
E2_ADNI_TO_OASIS_VOLUME_TRANSFER_011_ADNI_BASELINE_FS8_CORTICAL_VOLUME_TO_OASIS1_BASELINE_FS8_CORTICAL_VOLUME_AD_TO_CDR,E2_ADNI_TO_OASIS_VOLUME_TRANSFER,0.793335114707791,0.8501042983558381,0.7391304347826086,0.3117582020411037,68
E2_ADNI_TO_OASIS_VOLUME_TRANSFER_012_ADNI_BASELINE_FS8_SUBCORTICAL_VOLUME_TO_OASIS1_BASELINE_FS8_SUBCORTICAL_VOLUME_MMSE,E2_ADNI_TO_OASIS_VOLUME_TRANSFER,0.912030317690695,0.94408992418723,0.8181818181818182,0.5406999707679527,53
E2_ADNI_TO_OASIS_VOLUME_TRANSFER_013_ADNI_BASELINE_FS8_SUBCORTICAL_VOLUME_TO_OASIS1_BASELINE_FS8_SUBCORTICAL_VOLUME_AGE,E2_ADNI_TO_OASIS_VOLUME_TRANSFER,0.905418480890179,0.9458506846745043,0.6666666666666666,0.7448238646872221,53
E2_ADNI_TO_OASIS_VOLUME_TRANSFER_014_ADNI_BASELINE_FS8_SUBCORTICAL_VOLUME_TO_OASIS1_BASELINE_FS8_SUBCORTICAL_VOLUME_AD_TO_CDR,E2_ADNI_TO_OASIS_VOLUME_TRANSFER,0.8906627963231737,0.9458320484339223,0.8181818181818182,0.5038353812508818,53
E3_FS8_VS_SPM_THICKNESS_DRIFT_015_ADNI_SPM_MATCHED_FS8_THICKNESS_SCHAEFER200_7_TO_ADNI_SPM_MATCHED_SPM_THICKNESS_SCHAEFER200_7_DX_CN_AD,E3_FS8_VS_SPM_THICKNESS_DRIFT,0.8203058744224544,0.7621443264386435,0.6,0.5153039661472558,202
E3_FS8_VS_SPM_THICKNESS_DRIFT_016_ADNI_SPM_MATCHED_FS8_THICKNESS_SCHAEFER200_7_TO_ADNI_SPM_MATCHED_SPM_THICKNESS_SCHAEFER200_7_DX_CN_MCI,E3_FS8_VS_SPM_THICKNESS_DRIFT,0.7343555839298362,0.6668869173231479,0.6666666666666666,0.3600923393780127,202
E3_FS8_VS_SPM_THICKNESS_DRIFT_017_ADNI_SPM_MATCHED_FS8_THICKNESS_SCHAEFER200_7_TO_ADNI_SPM_MATCHED_SPM_THICKNESS_SCHAEFER200_7_MMSE,E3_FS8_VS_SPM_THICKNESS_DRIFT,0.855495482641419,0.8165459304350547,0.5384615384615384,0.5706424504782481,202
E3_FS8_VS_SPM_THICKNESS_DRIFT_018_ADNI_SPM_MATCHED_FS8_THICKNESS_SCHAEFER200_7_TO_ADNI_SPM_MATCHED_SPM_THICKNESS_SCHAEFER200_7_AGE,E3_FS8_VS_SPM_THICKNESS_DRIFT,0.5142465500134309,0.4851768072810426,0.25,0.7156690086419946,202
E3_FS8_VS_SPM_THICKNESS_DRIFT_019_ADNI_SPM_MATCHED_FS8_THICKNESS_SCHAEFER200_7_TO_ADNI_SPM_MATCHED_SPM_THICKNESS_SCHAEFER200_17_DX_CN_AD,E3_FS8_VS_SPM_THICKNESS_DRIFT,0.8928571428571429,0.9289393780591993,1.0,,7
E3_FS8_VS_SPM_THICKNESS_DRIFT_020_ADNI_SPM_MATCHED_FS8_THICKNESS_SCHAEFER200_7_TO_ADNI_SPM_MATCHED_SPM_THICKNESS_SCHAEFER200_17_DX_CN_MCI,E3_FS8_VS_SPM_THICKNESS_DRIFT,0.9285714285714288,0.9365881689207862,1.0,,7
E3_FS8_VS_SPM_THICKNESS_DRIFT_021_ADNI_SPM_MATCHED_FS8_THICKNESS_SCHAEFER200_7_TO_ADNI_SPM_MATCHED_SPM_THICKNESS_SCHAEFER200_17_MMSE,E3_FS8_VS_SPM_THICKNESS_DRIFT,0.9642857142857145,0.9356843510117747,1.0,,7
E3_FS8_VS_SPM_THICKNESS_DRIFT_022_ADNI_SPM_MATCHED_FS8_THICKNESS_SCHAEFER200_7_TO_ADNI_SPM_MATCHED_SPM_THICKNESS_SCHAEFER200_17_AGE,E3_FS8_VS_SPM_THICKNESS_DRIFT,0.5357142857142858,0.7608978348915685,1.0,,7
E3_FS8_VS_SPM_THICKNESS_DRIFT_023_ADNI_SPM_MATCHED_SPM_THICKNESS_SCHAEFER200_7_TO_ADNI_SPM_MATCHED_SPM_THICKNESS_SCHAEFER200_17_DX_CN_AD,E3_FS8_VS_SPM_THICKNESS_DRIFT,1.0,0.9927237086791493,1.0,,7
E3_FS8_VS_SPM_THICKNESS_DRIFT_024_ADNI_SPM_MATCHED_SPM_THICKNESS_SCHAEFER200_7_TO_ADNI_SPM_MATCHED_SPM_THICKNESS_SCHAEFER200_17_DX_CN_MCI,E3_FS8_VS_SPM_THICKNESS_DRIFT,1.0,0.997017072210095,1.0,,7
E3_FS8_VS_SPM_THICKNESS_DRIFT_025_ADNI_SPM_MATCHED_SPM_THICKNESS_SCHAEFER200_7_TO_ADNI_SPM_MATCHED_SPM_THICKNESS_SCHAEFER200_17_MMSE,E3_FS8_VS_SPM_THICKNESS_DRIFT,0.9285714285714288,0.98627920500929,1.0,,7
E3_FS8_VS_SPM_THICKNESS_DRIFT_026_ADNI_SPM_MATCHED_SPM_THICKNESS_SCHAEFER200_7_TO_ADNI_SPM_MATCHED_SPM_THICKNESS_SCHAEFER200_17_AGE,E3_FS8_VS_SPM_THICKNESS_DRIFT,0.8571428571428573,0.9716557023724953,1.0,,7
E4_FS8_VS_FASTSURFER_VOLUME_DRIFT_027_ADNI_BASELINE_FS8_CORTICAL_VOLUME_TO_ADNI_BASELINE_FASTSURFER_CORTICAL_VOLUME_DX_CN_AD,E4_FS8_VS_FASTSURFER_VOLUME_DRIFT,0.8775150462088591,0.8771002332889808,0.05263157894736842,0.1665006958709545,62
E4_FS8_VS_FASTSURFER_VOLUME_DRIFT_028_ADNI_BASELINE_FS8_CORTICAL_VOLUME_TO_ADNI_BASELINE_FASTSURFER_CORTICAL_VOLUME_DX_CN_MCI,E4_FS8_VS_FASTSURFER_VOLUME_DRIFT,0.896351136964569,0.8796093502815377,0.02564102564102564,0.3051423737691078,62
E4_FS8_VS_FASTSURFER_VOLUME_DRIFT_029_ADNI_BASELINE_FS8_CORTICAL_VOLUME_TO_ADNI_BASELINE_FASTSURFER_CORTICAL_VOLUME_MMSE,E4_FS8_VS_FASTSURFER_VOLUME_DRIFT,0.8995744252222306,0.846202387542725,0.05263157894736842,0.10781180914642617,62
E4_FS8_VS_FASTSURFER_VOLUME_DRIFT_030_ADNI_BASELINE_FS8_CORTICAL_VOLUME_TO_ADNI_BASELINE_FASTSURFER_CORTICAL_VOLUME_AGE,E4_FS8_VS_FASTSURFER_VOLUME_DRIFT,0.5780010576414596,0.5531674042680188,0.02564102564102564,0.7620671152642745,62
E4_FS8_VS_FASTSURFER_VOLUME_DRIFT_031_ADNI_BASELINE_FS8_SUBCORTICAL_VOLUME_TO_ADNI_BASELINE_FASTSURFER_SUBCORTICAL_VOLUME_DX_CN_AD,E4_FS8_VS_FASTSURFER_VOLUME_DRIFT,0.9257321272406439,0.9534980411334828,0.17647058823529413,0.39153370376350466,47
E4_FS8_VS_FASTSURFER_VOLUME_DRIFT_032_ADNI_BASELINE_FS8_SUBCORTICAL_VOLUME_TO_ADNI_BASELINE_FASTSURFER_SUBCORTICAL_VOLUME_DX_CN_MCI,E4_FS8_VS_FASTSURFER_VOLUME_DRIFT,0.94828134525475,0.9560270286266636,0.14285714285714285,0.4300698874958919,47
E4_FS8_VS_FASTSURFER_VOLUME_DRIFT_033_ADNI_BASELINE_FS8_SUBCORTICAL_VOLUME_TO_ADNI_BASELINE_FASTSURFER_SUBCORTICAL_VOLUME_MMSE,E4_FS8_VS_FASTSURFER_VOLUME_DRIFT,0.9060738346129618,0.954486580881823,0.17647058823529413,0.39238071602925206,47
E4_FS8_VS_FASTSURFER_VOLUME_DRIFT_034_ADNI_BASELINE_FS8_SUBCORTICAL_VOLUME_TO_ADNI_BASELINE_FASTSURFER_SUBCORTICAL_VOLUME_AGE,E4_FS8_VS_FASTSURFER_VOLUME_DRIFT,0.9400711171573062,0.9108926225768825,0.17647058823529413,0.577902818335018,47
E5_FS8_THICKNESS_ATLAS_SENSITIVITY_035_ADNI_BASELINE_FS8_THICKNESS_SCHAEFER200_7_TO_ADNI_BASELINE_FS8_THICKNESS_KONG200_17_DX_CN_AD,E5_FS8_THICKNESS_ATLAS_SENSITIVITY,0.942857142857143,0.9407111570587345,1.0,,6
E5_FS8_THICKNESS_ATLAS_SENSITIVITY_036_ADNI_BASELINE_FS8_THICKNESS_SCHAEFER200_7_TO_ADNI_BASELINE_FS8_THICKNESS_KONG200_17_DX_CN_MCI,E5_FS8_THICKNESS_ATLAS_SENSITIVITY,1.0,0.948629811598833,1.0,,6
E5_FS8_THICKNESS_ATLAS_SENSITIVITY_037_ADNI_BASELINE_FS8_THICKNESS_SCHAEFER200_7_TO_ADNI_BASELINE_FS8_THICKNESS_KONG200_17_MMSE,E5_FS8_THICKNESS_ATLAS_SENSITIVITY,0.8857142857142858,0.9333235702141125,1.0,,6
E5_FS8_THICKNESS_ATLAS_SENSITIVITY_038_ADNI_BASELINE_FS8_THICKNESS_SCHAEFER200_7_TO_ADNI_BASELINE_FS8_THICKNESS_KONG200_17_AGE,E5_FS8_THICKNESS_ATLAS_SENSITIVITY,0.7714285714285715,0.9521894021546663,1.0,,6
E5_FS8_THICKNESS_ATLAS_SENSITIVITY_039_ADNI_BASELINE_FS8_THICKNESS_SCHAEFER200_7_TO_ADNI_BASELINE_FS8_THICKNESS_YALE696_DX_CN_AD,E5_FS8_THICKNESS_ATLAS_SENSITIVITY,0.39999999999999997,0.7148271385662402,1.0,,5
E5_FS8_THICKNESS_ATLAS_SENSITIVITY_040_ADNI_BASELINE_FS8_THICKNESS_SCHAEFER200_7_TO_ADNI_BASELINE_FS8_THICKNESS_YALE696_DX_CN_MCI,E5_FS8_THICKNESS_ATLAS_SENSITIVITY,0.3,0.867667273718152,1.0,,5
E5_FS8_THICKNESS_ATLAS_SENSITIVITY_041_ADNI_BASELINE_FS8_THICKNESS_SCHAEFER200_7_TO_ADNI_BASELINE_FS8_THICKNESS_YALE696_MMSE,E5_FS8_THICKNESS_ATLAS_SENSITIVITY,0.39999999999999997,0.700238384222769,1.0,,5
E5_FS8_THICKNESS_ATLAS_SENSITIVITY_042_ADNI_BASELINE_FS8_THICKNESS_SCHAEFER200_7_TO_ADNI_BASELINE_FS8_THICKNESS_YALE696_AGE,E5_FS8_THICKNESS_ATLAS_SENSITIVITY,0.6,0.8264896173902163,1.0,,5
E5_FS8_THICKNESS_ATLAS_SENSITIVITY_043_ADNI_BASELINE_FS8_THICKNESS_KONG200_17_TO_ADNI_BASELINE_FS8_THICKNESS_YALE696_DX_CN_AD,E5_FS8_THICKNESS_ATLAS_SENSITIVITY,0.6571428571428573,0.7558533980833608,1.0,,6
E5_FS8_THICKNESS_ATLAS_SENSITIVITY_044_ADNI_BASELINE_FS8_THICKNESS_KONG200_17_TO_ADNI_BASELINE_FS8_THICKNESS_YALE696_DX_CN_MCI,E5_FS8_THICKNESS_ATLAS_SENSITIVITY,0.6,0.8786315713546348,1.0,,6
E5_FS8_THICKNESS_ATLAS_SENSITIVITY_045_ADNI_BASELINE_FS8_THICKNESS_KONG200_17_TO_ADNI_BASELINE_FS8_THICKNESS_YALE696_MMSE,E5_FS8_THICKNESS_ATLAS_SENSITIVITY,0.3714285714285715,0.6910286847831748,1.0,,6
E5_FS8_THICKNESS_ATLAS_SENSITIVITY_046_ADNI_BASELINE_FS8_THICKNESS_KONG200_17_TO_ADNI_BASELINE_FS8_THICKNESS_YALE696_AGE,E5_FS8_THICKNESS_ATLAS_SENSITIVITY,0.3714285714285715,0.46488535609671855,1.0,,6
E5_FS8_THICKNESS_ATLAS_SENSITIVITY_047_AIBL_BASELINE_FS8_THICKNESS_SCHAEFER200_7_TO_AIBL_BASELINE_FS8_THICKNESS_KONG200_17_DX_CN_AD,E5_FS8_THICKNESS_ATLAS_SENSITIVITY,0.942857142857143,0.9221678783846379,1.0,,6
E5_FS8_THICKNESS_ATLAS_SENSITIVITY_048_AIBL_BASELINE_FS8_THICKNESS_SCHAEFER200_7_TO_AIBL_BASELINE_FS8_THICKNESS_KONG200_17_DX_CN_MCI,E5_FS8_THICKNESS_ATLAS_SENSITIVITY,1.0,0.9503474176002157,1.0,,6
E5_FS8_THICKNESS_ATLAS_SENSITIVITY_049_AIBL_BASELINE_FS8_THICKNESS_SCHAEFER200_7_TO_AIBL_BASELINE_FS8_THICKNESS_KONG200_17_MMSE,E5_FS8_THICKNESS_ATLAS_SENSITIVITY,1.0,0.9110231215776982,1.0,,6
E5_FS8_THICKNESS_ATLAS_SENSITIVITY_050_AIBL_BASELINE_FS8_THICKNESS_SCHAEFER200_7_TO_AIBL_BASELINE_FS8_THICKNESS_KONG200_17_AGE,E5_FS8_THICKNESS_ATLAS_SENSITIVITY,0.48571428571428577,0.8667909478633274,1.0,,6
E5_FS8_THICKNESS_ATLAS_SENSITIVITY_051_AIBL_BASELINE_FS8_THICKNESS_SCHAEFER200_7_TO_AIBL_BASELINE_FS8_THICKNESS_YALE696_DX_CN_AD,E5_FS8_THICKNESS_ATLAS_SENSITIVITY,0.8999999999999998,0.7517717546149989,1.0,,5
E5_FS8_THICKNESS_ATLAS_SENSITIVITY_052_AIBL_BASELINE_FS8_THICKNESS_SCHAEFER200_7_TO_AIBL_BASELINE_FS8_THICKNESS_YALE696_DX_CN_MCI,E5_FS8_THICKNESS_ATLAS_SENSITIVITY,0.7999999999999999,0.7996951437703379,1.0,,5
E5_FS8_THICKNESS_ATLAS_SENSITIVITY_053_AIBL_BASELINE_FS8_THICKNESS_SCHAEFER200_7_TO_AIBL_BASELINE_FS8_THICKNESS_YALE696_MMSE,E5_FS8_THICKNESS_ATLAS_SENSITIVITY,0.7,0.693733545775581,1.0,,5
E5_FS8_THICKNESS_ATLAS_SENSITIVITY_054_AIBL_BASELINE_FS8_THICKNESS_SCHAEFER200_7_TO_AIBL_BASELINE_FS8_THICKNESS_YALE696_AGE,E5_FS8_THICKNESS_ATLAS_SENSITIVITY,0.7,0.5653955883826165,1.0,,5
E5_FS8_THICKNESS_ATLAS_SENSITIVITY_055_AIBL_BASELINE_FS8_THICKNESS_KONG200_17_TO_AIBL_BASELINE_FS8_THICKNESS_YALE696_DX_CN_AD,E5_FS8_THICKNESS_ATLAS_SENSITIVITY,0.8285714285714287,0.755493948661506,1.0,,6
E5_FS8_THICKNESS_ATLAS_SENSITIVITY_056_AIBL_BASELINE_FS8_THICKNESS_KONG200_17_TO_AIBL_BASELINE_FS8_THICKNESS_YALE696_DX_CN_MCI,E5_FS8_THICKNESS_ATLAS_SENSITIVITY,0.942857142857143,0.9801885998145738,1.0,,6
E5_FS8_THICKNESS_ATLAS_SENSITIVITY_057_AIBL_BASELINE_FS8_THICKNESS_KONG200_17_TO_AIBL_BASELINE_FS8_THICKNESS_YALE696_MMSE,E5_FS8_THICKNESS_ATLAS_SENSITIVITY,0.942857142857143,0.7313200156929199,1.0,,6
E5_FS8_THICKNESS_ATLAS_SENSITIVITY_058_AIBL_BASELINE_FS8_THICKNESS_KONG200_17_TO_AIBL_BASELINE_FS8_THICKNESS_YALE696_AGE,E5_FS8_THICKNESS_ATLAS_SENSITIVITY,0.3142857142857143,0.1458340168462631,1.0,,6
E5_FS8_THICKNESS_ATLAS_SENSITIVITY_059_OASIS1_BASELINE_FS8_THICKNESS_SCHAEFER200_7_TO_OASIS1_BASELINE_FS8_THICKNESS_KONG200_17_CDR,E5_FS8_THICKNESS_ATLAS_SENSITIVITY,0.942857142857143,0.9707362767530768,1.0,,6
E5_FS8_THICKNESS_ATLAS_SENSITIVITY_060_OASIS1_BASELINE_FS8_THICKNESS_SCHAEFER200_7_TO_OASIS1_BASELINE_FS8_THICKNESS_KONG200_17_MMSE,E5_FS8_THICKNESS_ATLAS_SENSITIVITY,0.942857142857143,0.9233596681599309,1.0,,6
E5_FS8_THICKNESS_ATLAS_SENSITIVITY_061_OASIS1_BASELINE_FS8_THICKNESS_SCHAEFER200_7_TO_OASIS1_BASELINE_FS8_THICKNESS_KONG200_17_AGE,E5_FS8_THICKNESS_ATLAS_SENSITIVITY,0.942857142857143,0.864797159338762,1.0,,6
E5_FS8_THICKNESS_ATLAS_SENSITIVITY_062_OASIS1_BASELINE_FS8_THICKNESS_SCHAEFER200_7_TO_OASIS1_BASELINE_FS8_THICKNESS_YALE696_CDR,E5_FS8_THICKNESS_ATLAS_SENSITIVITY,0.19999999999999998,0.19373545964743508,1.0,,5
E5_FS8_THICKNESS_ATLAS_SENSITIVITY_063_OASIS1_BASELINE_FS8_THICKNESS_SCHAEFER200_7_TO_OASIS1_BASELINE_FS8_THICKNESS_YALE696_MMSE,E5_FS8_THICKNESS_ATLAS_SENSITIVITY,0.49999999999999994,0.2463077177807226,1.0,,5
E5_FS8_THICKNESS_ATLAS_SENSITIVITY_064_OASIS1_BASELINE_FS8_THICKNESS_SCHAEFER200_7_TO_OASIS1_BASELINE_FS8_THICKNESS_YALE696_AGE,E5_FS8_THICKNESS_ATLAS_SENSITIVITY,0.19999999999999998,0.07113375866019885,1.0,,5
E5_FS8_THICKNESS_ATLAS_SENSITIVITY_065_OASIS1_BASELINE_FS8_THICKNESS_KONG200_17_TO_OASIS1_BASELINE_FS8_THICKNESS_YALE696_CDR,E5_FS8_THICKNESS_ATLAS_SENSITIVITY,0.3714285714285715,0.4580657008551699,1.0,,6
E5_FS8_THICKNESS_ATLAS_SENSITIVITY_066_OASIS1_BASELINE_FS8_THICKNESS_KONG200_17_TO_OASIS1_BASELINE_FS8_THICKNESS_YALE696_MMSE,E5_FS8_THICKNESS_ATLAS_SENSITIVITY,0.6,0.5747770881333821,1.0,,6
E5_FS8_THICKNESS_ATLAS_SENSITIVITY_067_OASIS1_BASELINE_FS8_THICKNESS_KONG200_17_TO_OASIS1_BASELINE_FS8_THICKNESS_YALE696_AGE,E5_FS8_THICKNESS_ATLAS_SENSITIVITY,0.3714285714285715,-0.11450660480019624,1.0,,6
E6_FS8_VOLUME_VS_THICKNESS_SENSITIVITY_068_ADNI_BASELINE_FS8_CORTICAL_VOLUME_TO_ADNI_BASELINE_FS8_THICKNESS_SCHAEFER200_7_DX_CN_AD,E6_FS8_VOLUME_VS_THICKNESS_SENSITIVITY,0.3,0.6790837377798502,1.0,,5
E6_FS8_VOLUME_VS_THICKNESS_SENSITIVITY_069_ADNI_BASELINE_FS8_CORTICAL_VOLUME_TO_ADNI_BASELINE_FS8_THICKNESS_SCHAEFER200_7_DX_CN_MCI,E6_FS8_VOLUME_VS_THICKNESS_SENSITIVITY,0.3,0.6038257949666519,1.0,,5
E6_FS8_VOLUME_VS_THICKNESS_SENSITIVITY_070_ADNI_BASELINE_FS8_CORTICAL_VOLUME_TO_ADNI_BASELINE_FS8_THICKNESS_SCHAEFER200_7_MMSE,E6_FS8_VOLUME_VS_THICKNESS_SENSITIVITY,0.3,0.5482579792047401,1.0,,5
E6_FS8_VOLUME_VS_THICKNESS_SENSITIVITY_071_ADNI_BASELINE_FS8_CORTICAL_VOLUME_TO_ADNI_BASELINE_FS8_THICKNESS_SCHAEFER200_7_AGE,E6_FS8_VOLUME_VS_THICKNESS_SENSITIVITY,0.3,0.5632116304845451,1.0,,5
E6_FS8_VOLUME_VS_THICKNESS_SENSITIVITY_072_ADNI_BASELINE_FS8_SUBCORTICAL_VOLUME_TO_ADNI_BASELINE_FS8_THICKNESS_SCHAEFER200_7_DX_CN_AD,E6_FS8_VOLUME_VS_THICKNESS_SENSITIVITY,,,,,0
E6_FS8_VOLUME_VS_THICKNESS_SENSITIVITY_073_ADNI_BASELINE_FS8_SUBCORTICAL_VOLUME_TO_ADNI_BASELINE_FS8_THICKNESS_SCHAEFER200_7_DX_CN_MCI,E6_FS8_VOLUME_VS_THICKNESS_SENSITIVITY,,,,,0
E6_FS8_VOLUME_VS_THICKNESS_SENSITIVITY_074_ADNI_BASELINE_FS8_SUBCORTICAL_VOLUME_TO_ADNI_BASELINE_FS8_THICKNESS_SCHAEFER200_7_MMSE,E6_FS8_VOLUME_VS_THICKNESS_SENSITIVITY,,,,,0
E6_FS8_VOLUME_VS_THICKNESS_SENSITIVITY_075_ADNI_BASELINE_FS8_SUBCORTICAL_VOLUME_TO_ADNI_BASELINE_FS8_THICKNESS_SCHAEFER200_7_AGE,E6_FS8_VOLUME_VS_THICKNESS_SENSITIVITY,,,,,0
E6_FS8_VOLUME_VS_THICKNESS_SENSITIVITY_076_AIBL_BASELINE_FS8_CORTICAL_VOLUME_TO_AIBL_BASELINE_FS8_THICKNESS_SCHAEFER200_7_DX_CN_AD,E6_FS8_VOLUME_VS_THICKNESS_SENSITIVITY,0.7,0.7135618350899432,1.0,,5
E6_FS8_VOLUME_VS_THICKNESS_SENSITIVITY_077_AIBL_BASELINE_FS8_CORTICAL_VOLUME_TO_AIBL_BASELINE_FS8_THICKNESS_SCHAEFER200_7_DX_CN_MCI,E6_FS8_VOLUME_VS_THICKNESS_SENSITIVITY,0.7999999999999999,0.8587358148486532,1.0,,5
E6_FS8_VOLUME_VS_THICKNESS_SENSITIVITY_078_AIBL_BASELINE_FS8_CORTICAL_VOLUME_TO_AIBL_BASELINE_FS8_THICKNESS_SCHAEFER200_7_MMSE,E6_FS8_VOLUME_VS_THICKNESS_SENSITIVITY,0.7,0.6814164957481499,1.0,,5
E6_FS8_VOLUME_VS_THICKNESS_SENSITIVITY_079_AIBL_BASELINE_FS8_CORTICAL_VOLUME_TO_AIBL_BASELINE_FS8_THICKNESS_SCHAEFER200_7_AGE,E6_FS8_VOLUME_VS_THICKNESS_SENSITIVITY,0.8999999999999998,0.897630064914123,1.0,,5
E6_FS8_VOLUME_VS_THICKNESS_SENSITIVITY_080_AIBL_BASELINE_FS8_SUBCORTICAL_VOLUME_TO_AIBL_BASELINE_FS8_THICKNESS_SCHAEFER200_7_DX_CN_AD,E6_FS8_VOLUME_VS_THICKNESS_SENSITIVITY,,,,,0
E6_FS8_VOLUME_VS_THICKNESS_SENSITIVITY_081_AIBL_BASELINE_FS8_SUBCORTICAL_VOLUME_TO_AIBL_BASELINE_FS8_THICKNESS_SCHAEFER200_7_DX_CN_MCI,E6_FS8_VOLUME_VS_THICKNESS_SENSITIVITY,,,,,0
E6_FS8_VOLUME_VS_THICKNESS_SENSITIVITY_082_AIBL_BASELINE_FS8_SUBCORTICAL_VOLUME_TO_AIBL_BASELINE_FS8_THICKNESS_SCHAEFER200_7_MMSE,E6_FS8_VOLUME_VS_THICKNESS_SENSITIVITY,,,,,0
E6_FS8_VOLUME_VS_THICKNESS_SENSITIVITY_083_AIBL_BASELINE_FS8_SUBCORTICAL_VOLUME_TO_AIBL_BASELINE_FS8_THICKNESS_SCHAEFER200_7_AGE,E6_FS8_VOLUME_VS_THICKNESS_SENSITIVITY,,,,,0
E6_FS8_VOLUME_VS_THICKNESS_SENSITIVITY_084_OASIS1_BASELINE_FS8_CORTICAL_VOLUME_TO_OASIS1_BASELINE_FS8_THICKNESS_SCHAEFER200_7_CDR,E6_FS8_VOLUME_VS_THICKNESS_SENSITIVITY,0.49999999999999994,0.4649102607569128,1.0,,5
E6_FS8_VOLUME_VS_THICKNESS_SENSITIVITY_085_OASIS1_BASELINE_FS8_CORTICAL_VOLUME_TO_OASIS1_BASELINE_FS8_THICKNESS_SCHAEFER200_7_MMSE,E6_FS8_VOLUME_VS_THICKNESS_SENSITIVITY,0.7,0.5862884542447677,1.0,,5
E6_FS8_VOLUME_VS_THICKNESS_SENSITIVITY_086_OASIS1_BASELINE_FS8_CORTICAL_VOLUME_TO_OASIS1_BASELINE_FS8_THICKNESS_SCHAEFER200_7_AGE,E6_FS8_VOLUME_VS_THICKNESS_SENSITIVITY,0.09999999999999999,0.12349783546004345,1.0,,5
E6_FS8_VOLUME_VS_THICKNESS_SENSITIVITY_087_OASIS1_BASELINE_FS8_SUBCORTICAL_VOLUME_TO_OASIS1_BASELINE_FS8_THICKNESS_SCHAEFER200_7_CDR,E6_FS8_VOLUME_VS_THICKNESS_SENSITIVITY,,,,,0
E6_FS8_VOLUME_VS_THICKNESS_SENSITIVITY_088_OASIS1_BASELINE_FS8_SUBCORTICAL_VOLUME_TO_OASIS1_BASELINE_FS8_THICKNESS_SCHAEFER200_7_MMSE,E6_FS8_VOLUME_VS_THICKNESS_SENSITIVITY,,,,,0
E6_FS8_VOLUME_VS_THICKNESS_SENSITIVITY_089_OASIS1_BASELINE_FS8_SUBCORTICAL_VOLUME_TO_OASIS1_BASELINE_FS8_THICKNESS_SCHAEFER200_7_AGE,E6_FS8_VOLUME_VS_THICKNESS_SENSITIVITY,,,,,0
