pair_id,experiment_id,group_evidence_spearman,group_evidence_pearson,group_support_jaccard,group_direction_retention,n_matched_groups
E3_FS8_VS_SPM_THICKNESS_DRIFT_019_ADNI_SPM_MATCHED_FS8_THICKNESS_SCHAEFER200_7_TO_ADNI_SPM_MATCHED_SPM_THICKNESS_SCHAEFER200_17_DX_CN_AD,E3_FS8_VS_SPM_THICKNESS_DRIFT,0.8928571428571429,0.9289393780591993,1.0,1.0,7
E3_FS8_VS_SPM_THICKNESS_DRIFT_020_ADNI_SPM_MATCHED_FS8_THICKNESS_SCHAEFER200_7_TO_ADNI_SPM_MATCHED_SPM_THICKNESS_SCHAEFER200_17_DX_CN_MCI,E3_FS8_VS_SPM_THICKNESS_DRIFT,0.9285714285714288,0.9365881689207862,1.0,1.0,7
E3_FS8_VS_SPM_THICKNESS_DRIFT_021_ADNI_SPM_MATCHED_FS8_THICKNESS_SCHAEFER200_7_TO_ADNI_SPM_MATCHED_SPM_THICKNESS_SCHAEFER200_17_MMSE,E3_FS8_VS_SPM_THICKNESS_DRIFT,0.9642857142857145,0.9356843510117747,1.0,1.0,7
E3_FS8_VS_SPM_THICKNESS_DRIFT_022_ADNI_SPM_MATCHED_FS8_THICKNESS_SCHAEFER200_7_TO_ADNI_SPM_MATCHED_SPM_THICKNESS_SCHAEFER200_17_AGE,E3_FS8_VS_SPM_THICKNESS_DRIFT,0.5357142857142858,0.7608978348915685,1.0,1.0,7
E3_FS8_VS_SPM_THICKNESS_DRIFT_023_ADNI_SPM_MATCHED_SPM_THICKNESS_SCHAEFER200_7_TO_ADNI_SPM_MATCHED_SPM_THICKNESS_SCHAEFER200_17_DX_CN_AD,E3_FS8_VS_SPM_THICKNESS_DRIFT,1.0,0.9927237086791493,1.0,1.0,7
E3_FS8_VS_SPM_THICKNESS_DRIFT_024_ADNI_SPM_MATCHED_SPM_THICKNESS_SCHAEFER200_7_TO_ADNI_SPM_MATCHED_SPM_THICKNESS_SCHAEFER200_17_DX_CN_MCI,E3_FS8_VS_SPM_THICKNESS_DRIFT,1.0,0.997017072210095,1.0,1.0,7
E3_FS8_VS_SPM_THICKNESS_DRIFT_025_ADNI_SPM_MATCHED_SPM_THICKNESS_SCHAEFER200_7_TO_ADNI_SPM_MATCHED_SPM_THICKNESS_SCHAEFER200_17_MMSE,E3_FS8_VS_SPM_THICKNESS_DRIFT,0.9285714285714288,0.98627920500929,1.0,1.0,7
E3_FS8_VS_SPM_THICKNESS_DRIFT_026_ADNI_SPM_MATCHED_SPM_THICKNESS_SCHAEFER200_7_TO_ADNI_SPM_MATCHED_SPM_THICKNESS_SCHAEFER200_17_AGE,E3_FS8_VS_SPM_THICKNESS_DRIFT,0.8571428571428573,0.9716557023724953,1.0,1.0,7
E5_FS8_THICKNESS_ATLAS_SENSITIVITY_035_ADNI_BASELINE_FS8_THICKNESS_SCHAEFER200_7_TO_ADNI_BASELINE_FS8_THICKNESS_KONG200_17_DX_CN_AD,E5_FS8_THICKNESS_ATLAS_SENSITIVITY,0.942857142857143,0.9407111570587345,1.0,1.0,6
E5_FS8_THICKNESS_ATLAS_SENSITIVITY_036_ADNI_BASELINE_FS8_THICKNESS_SCHAEFER200_7_TO_ADNI_BASELINE_FS8_THICKNESS_KONG200_17_DX_CN_MCI,E5_FS8_THICKNESS_ATLAS_SENSITIVITY,1.0,0.948629811598833,1.0,1.0,6
E5_FS8_THICKNESS_ATLAS_SENSITIVITY_037_ADNI_BASELINE_FS8_THICKNESS_SCHAEFER200_7_TO_ADNI_BASELINE_FS8_THICKNESS_KONG200_17_MMSE,E5_FS8_THICKNESS_ATLAS_SENSITIVITY,0.8857142857142858,0.9333235702141125,1.0,1.0,6
E5_FS8_THICKNESS_ATLAS_SENSITIVITY_038_ADNI_BASELINE_FS8_THICKNESS_SCHAEFER200_7_TO_ADNI_BASELINE_FS8_THICKNESS_KONG200_17_AGE,E5_FS8_THICKNESS_ATLAS_SENSITIVITY,0.7714285714285715,0.9521894021546663,1.0,1.0,6
E5_FS8_THICKNESS_ATLAS_SENSITIVITY_039_ADNI_BASELINE_FS8_THICKNESS_SCHAEFER200_7_TO_ADNI_BASELINE_FS8_THICKNESS_YALE696_DX_CN_AD,E5_FS8_THICKNESS_ATLAS_SENSITIVITY,0.39999999999999997,0.7148271385662402,1.0,1.0,5
E5_FS8_THICKNESS_ATLAS_SENSITIVITY_040_ADNI_BASELINE_FS8_THICKNESS_SCHAEFER200_7_TO_ADNI_BASELINE_FS8_THICKNESS_YALE696_DX_CN_MCI,E5_FS8_THICKNESS_ATLAS_SENSITIVITY,0.3,0.867667273718152,1.0,1.0,5
E5_FS8_THICKNESS_ATLAS_SENSITIVITY_041_ADNI_BASELINE_FS8_THICKNESS_SCHAEFER200_7_TO_ADNI_BASELINE_FS8_THICKNESS_YALE696_MMSE,E5_FS8_THICKNESS_ATLAS_SENSITIVITY,0.39999999999999997,0.700238384222769,1.0,1.0,5
E5_FS8_THICKNESS_ATLAS_SENSITIVITY_042_ADNI_BASELINE_FS8_THICKNESS_SCHAEFER200_7_TO_ADNI_BASELINE_FS8_THICKNESS_YALE696_AGE,E5_FS8_THICKNESS_ATLAS_SENSITIVITY,0.6,0.8264896173902163,1.0,1.0,5
E5_FS8_THICKNESS_ATLAS_SENSITIVITY_043_ADNI_BASELINE_FS8_THICKNESS_KONG200_17_TO_ADNI_BASELINE_FS8_THICKNESS_YALE696_DX_CN_AD,E5_FS8_THICKNESS_ATLAS_SENSITIVITY,0.6571428571428573,0.7558533980833608,1.0,1.0,6
E5_FS8_THICKNESS_ATLAS_SENSITIVITY_044_ADNI_BASELINE_FS8_THICKNESS_KONG200_17_TO_ADNI_BASELINE_FS8_THICKNESS_YALE696_DX_CN_MCI,E5_FS8_THICKNESS_ATLAS_SENSITIVITY,0.6,0.8786315713546348,1.0,1.0,6
E5_FS8_THICKNESS_ATLAS_SENSITIVITY_045_ADNI_BASELINE_FS8_THICKNESS_KONG200_17_TO_ADNI_BASELINE_FS8_THICKNESS_YALE696_MMSE,E5_FS8_THICKNESS_ATLAS_SENSITIVITY,0.3714285714285715,0.6910286847831748,1.0,1.0,6
E5_FS8_THICKNESS_ATLAS_SENSITIVITY_046_ADNI_BASELINE_FS8_THICKNESS_KONG200_17_TO_ADNI_BASELINE_FS8_THICKNESS_YALE696_AGE,E5_FS8_THICKNESS_ATLAS_SENSITIVITY,0.3714285714285715,0.46488535609671855,1.0,1.0,6
E5_FS8_THICKNESS_ATLAS_SENSITIVITY_047_AIBL_BASELINE_FS8_THICKNESS_SCHAEFER200_7_TO_AIBL_BASELINE_FS8_THICKNESS_KONG200_17_DX_CN_AD,E5_FS8_THICKNESS_ATLAS_SENSITIVITY,0.942857142857143,0.9221678783846379,1.0,1.0,6
E5_FS8_THICKNESS_ATLAS_SENSITIVITY_048_AIBL_BASELINE_FS8_THICKNESS_SCHAEFER200_7_TO_AIBL_BASELINE_FS8_THICKNESS_KONG200_17_DX_CN_MCI,E5_FS8_THICKNESS_ATLAS_SENSITIVITY,1.0,0.9503474176002157,1.0,1.0,6
E5_FS8_THICKNESS_ATLAS_SENSITIVITY_049_AIBL_BASELINE_FS8_THICKNESS_SCHAEFER200_7_TO_AIBL_BASELINE_FS8_THICKNESS_KONG200_17_MMSE,E5_FS8_THICKNESS_ATLAS_SENSITIVITY,1.0,0.9110231215776982,1.0,1.0,6
E5_FS8_THICKNESS_ATLAS_SENSITIVITY_050_AIBL_BASELINE_FS8_THICKNESS_SCHAEFER200_7_TO_AIBL_BASELINE_FS8_THICKNESS_KONG200_17_AGE,E5_FS8_THICKNESS_ATLAS_SENSITIVITY,0.48571428571428577,0.8667909478633274,1.0,0.6666666666666666,6
E5_FS8_THICKNESS_ATLAS_SENSITIVITY_051_AIBL_BASELINE_FS8_THICKNESS_SCHAEFER200_7_TO_AIBL_BASELINE_FS8_THICKNESS_YALE696_DX_CN_AD,E5_FS8_THICKNESS_ATLAS_SENSITIVITY,0.8999999999999998,0.7517717546149989,1.0,1.0,5
E5_FS8_THICKNESS_ATLAS_SENSITIVITY_052_AIBL_BASELINE_FS8_THICKNESS_SCHAEFER200_7_TO_AIBL_BASELINE_FS8_THICKNESS_YALE696_DX_CN_MCI,E5_FS8_THICKNESS_ATLAS_SENSITIVITY,0.7999999999999999,0.7996951437703379,1.0,1.0,5
E5_FS8_THICKNESS_ATLAS_SENSITIVITY_053_AIBL_BASELINE_FS8_THICKNESS_SCHAEFER200_7_TO_AIBL_BASELINE_FS8_THICKNESS_YALE696_MMSE,E5_FS8_THICKNESS_ATLAS_SENSITIVITY,0.7,0.693733545775581,1.0,1.0,5
E5_FS8_THICKNESS_ATLAS_SENSITIVITY_054_AIBL_BASELINE_FS8_THICKNESS_SCHAEFER200_7_TO_AIBL_BASELINE_FS8_THICKNESS_YALE696_AGE,E5_FS8_THICKNESS_ATLAS_SENSITIVITY,0.7,0.5653955883826165,1.0,0.6,5
E5_FS8_THICKNESS_ATLAS_SENSITIVITY_055_AIBL_BASELINE_FS8_THICKNESS_KONG200_17_TO_AIBL_BASELINE_FS8_THICKNESS_YALE696_DX_CN_AD,E5_FS8_THICKNESS_ATLAS_SENSITIVITY,0.8285714285714287,0.755493948661506,1.0,1.0,6
E5_FS8_THICKNESS_ATLAS_SENSITIVITY_056_AIBL_BASELINE_FS8_THICKNESS_KONG200_17_TO_AIBL_BASELINE_FS8_THICKNESS_YALE696_DX_CN_MCI,E5_FS8_THICKNESS_ATLAS_SENSITIVITY,0.942857142857143,0.9801885998145738,1.0,0.8333333333333334,6
E5_FS8_THICKNESS_ATLAS_SENSITIVITY_057_AIBL_BASELINE_FS8_THICKNESS_KONG200_17_TO_AIBL_BASELINE_FS8_THICKNESS_YALE696_MMSE,E5_FS8_THICKNESS_ATLAS_SENSITIVITY,0.942857142857143,0.7313200156929199,1.0,1.0,6
E5_FS8_THICKNESS_ATLAS_SENSITIVITY_058_AIBL_BASELINE_FS8_THICKNESS_KONG200_17_TO_AIBL_BASELINE_FS8_THICKNESS_YALE696_AGE,E5_FS8_THICKNESS_ATLAS_SENSITIVITY,0.3142857142857143,0.1458340168462631,1.0,0.6666666666666666,6
E5_FS8_THICKNESS_ATLAS_SENSITIVITY_059_OASIS1_BASELINE_FS8_THICKNESS_SCHAEFER200_7_TO_OASIS1_BASELINE_FS8_THICKNESS_KONG200_17_CDR,E5_FS8_THICKNESS_ATLAS_SENSITIVITY,0.942857142857143,0.9707362767530768,1.0,1.0,6
E5_FS8_THICKNESS_ATLAS_SENSITIVITY_060_OASIS1_BASELINE_FS8_THICKNESS_SCHAEFER200_7_TO_OASIS1_BASELINE_FS8_THICKNESS_KONG200_17_MMSE,E5_FS8_THICKNESS_ATLAS_SENSITIVITY,0.942857142857143,0.9233596681599309,1.0,1.0,6
E5_FS8_THICKNESS_ATLAS_SENSITIVITY_061_OASIS1_BASELINE_FS8_THICKNESS_SCHAEFER200_7_TO_OASIS1_BASELINE_FS8_THICKNESS_KONG200_17_AGE,E5_FS8_THICKNESS_ATLAS_SENSITIVITY,0.942857142857143,0.864797159338762,1.0,1.0,6
E5_FS8_THICKNESS_ATLAS_SENSITIVITY_062_OASIS1_BASELINE_FS8_THICKNESS_SCHAEFER200_7_TO_OASIS1_BASELINE_FS8_THICKNESS_YALE696_CDR,E5_FS8_THICKNESS_ATLAS_SENSITIVITY,0.19999999999999998,0.19373545964743508,1.0,1.0,5
E5_FS8_THICKNESS_ATLAS_SENSITIVITY_063_OASIS1_BASELINE_FS8_THICKNESS_SCHAEFER200_7_TO_OASIS1_BASELINE_FS8_THICKNESS_YALE696_MMSE,E5_FS8_THICKNESS_ATLAS_SENSITIVITY,0.49999999999999994,0.2463077177807226,1.0,1.0,5
E5_FS8_THICKNESS_ATLAS_SENSITIVITY_064_OASIS1_BASELINE_FS8_THICKNESS_SCHAEFER200_7_TO_OASIS1_BASELINE_FS8_THICKNESS_YALE696_AGE,E5_FS8_THICKNESS_ATLAS_SENSITIVITY,0.19999999999999998,0.07113375866019885,1.0,1.0,5
E5_FS8_THICKNESS_ATLAS_SENSITIVITY_065_OASIS1_BASELINE_FS8_THICKNESS_KONG200_17_TO_OASIS1_BASELINE_FS8_THICKNESS_YALE696_CDR,E5_FS8_THICKNESS_ATLAS_SENSITIVITY,0.3714285714285715,0.4580657008551699,1.0,1.0,6
E5_FS8_THICKNESS_ATLAS_SENSITIVITY_066_OASIS1_BASELINE_FS8_THICKNESS_KONG200_17_TO_OASIS1_BASELINE_FS8_THICKNESS_YALE696_MMSE,E5_FS8_THICKNESS_ATLAS_SENSITIVITY,0.6,0.5747770881333821,1.0,1.0,6
E5_FS8_THICKNESS_ATLAS_SENSITIVITY_067_OASIS1_BASELINE_FS8_THICKNESS_KONG200_17_TO_OASIS1_BASELINE_FS8_THICKNESS_YALE696_AGE,E5_FS8_THICKNESS_ATLAS_SENSITIVITY,0.3714285714285715,-0.11450660480019624,1.0,1.0,6
E6_FS8_VOLUME_VS_THICKNESS_SENSITIVITY_068_ADNI_BASELINE_FS8_CORTICAL_VOLUME_TO_ADNI_BASELINE_FS8_THICKNESS_SCHAEFER200_7_DX_CN_AD,E6_FS8_VOLUME_VS_THICKNESS_SENSITIVITY,0.3,0.6790837377798502,1.0,0.0,5
E6_FS8_VOLUME_VS_THICKNESS_SENSITIVITY_069_ADNI_BASELINE_FS8_CORTICAL_VOLUME_TO_ADNI_BASELINE_FS8_THICKNESS_SCHAEFER200_7_DX_CN_MCI,E6_FS8_VOLUME_VS_THICKNESS_SENSITIVITY,0.3,0.6038257949666519,1.0,0.0,5
E6_FS8_VOLUME_VS_THICKNESS_SENSITIVITY_070_ADNI_BASELINE_FS8_CORTICAL_VOLUME_TO_ADNI_BASELINE_FS8_THICKNESS_SCHAEFER200_7_MMSE,E6_FS8_VOLUME_VS_THICKNESS_SENSITIVITY,0.3,0.5482579792047401,1.0,0.0,5
E6_FS8_VOLUME_VS_THICKNESS_SENSITIVITY_071_ADNI_BASELINE_FS8_CORTICAL_VOLUME_TO_ADNI_BASELINE_FS8_THICKNESS_SCHAEFER200_7_AGE,E6_FS8_VOLUME_VS_THICKNESS_SENSITIVITY,0.3,0.5632116304845451,1.0,0.0,5
E6_FS8_VOLUME_VS_THICKNESS_SENSITIVITY_076_AIBL_BASELINE_FS8_CORTICAL_VOLUME_TO_AIBL_BASELINE_FS8_THICKNESS_SCHAEFER200_7_DX_CN_AD,E6_FS8_VOLUME_VS_THICKNESS_SENSITIVITY,0.7,0.7135618350899432,1.0,1.0,5
E6_FS8_VOLUME_VS_THICKNESS_SENSITIVITY_077_AIBL_BASELINE_FS8_CORTICAL_VOLUME_TO_AIBL_BASELINE_FS8_THICKNESS_SCHAEFER200_7_DX_CN_MCI,E6_FS8_VOLUME_VS_THICKNESS_SENSITIVITY,0.7999999999999999,0.8587358148486532,1.0,1.0,5
E6_FS8_VOLUME_VS_THICKNESS_SENSITIVITY_078_AIBL_BASELINE_FS8_CORTICAL_VOLUME_TO_AIBL_BASELINE_FS8_THICKNESS_SCHAEFER200_7_MMSE,E6_FS8_VOLUME_VS_THICKNESS_SENSITIVITY,0.7,0.6814164957481499,1.0,1.0,5
E6_FS8_VOLUME_VS_THICKNESS_SENSITIVITY_079_AIBL_BASELINE_FS8_CORTICAL_VOLUME_TO_AIBL_BASELINE_FS8_THICKNESS_SCHAEFER200_7_AGE,E6_FS8_VOLUME_VS_THICKNESS_SENSITIVITY,0.8999999999999998,0.897630064914123,1.0,0.4,5
E6_FS8_VOLUME_VS_THICKNESS_SENSITIVITY_084_OASIS1_BASELINE_FS8_CORTICAL_VOLUME_TO_OASIS1_BASELINE_FS8_THICKNESS_SCHAEFER200_7_CDR,E6_FS8_VOLUME_VS_THICKNESS_SENSITIVITY,0.49999999999999994,0.4649102607569128,1.0,1.0,5
E6_FS8_VOLUME_VS_THICKNESS_SENSITIVITY_085_OASIS1_BASELINE_FS8_CORTICAL_VOLUME_TO_OASIS1_BASELINE_FS8_THICKNESS_SCHAEFER200_7_MMSE,E6_FS8_VOLUME_VS_THICKNESS_SENSITIVITY,0.7,0.5862884542447677,1.0,1.0,5
E6_FS8_VOLUME_VS_THICKNESS_SENSITIVITY_086_OASIS1_BASELINE_FS8_CORTICAL_VOLUME_TO_OASIS1_BASELINE_FS8_THICKNESS_SCHAEFER200_7_AGE,E6_FS8_VOLUME_VS_THICKNESS_SENSITIVITY,0.09999999999999999,0.12349783546004345,1.0,1.0,5
