pair_id,experiment_id,magnitude_drift_all,magnitude_drift_source_support
E1_ADNI_TO_AIBL_VOLUME_TRANSFER_001_ADNI_BASELINE_FS8_CORTICAL_VOLUME_TO_AIBL_BASELINE_FS8_CORTICAL_VOLUME_DX_CN_AD,E1_ADNI_TO_AIBL_VOLUME_TRANSFER,0.3854370223111494,0.4517846749848646
E1_ADNI_TO_AIBL_VOLUME_TRANSFER_002_ADNI_BASELINE_FS8_CORTICAL_VOLUME_TO_AIBL_BASELINE_FS8_CORTICAL_VOLUME_DX_CN_MCI,E1_ADNI_TO_AIBL_VOLUME_TRANSFER,0.6445787368329228,0.7247856197352338
E1_ADNI_TO_AIBL_VOLUME_TRANSFER_003_ADNI_BASELINE_FS8_CORTICAL_VOLUME_TO_AIBL_BASELINE_FS8_CORTICAL_VOLUME_MMSE,E1_ADNI_TO_AIBL_VOLUME_TRANSFER,0.3543367305125742,0.48464979727849133
E1_ADNI_TO_AIBL_VOLUME_TRANSFER_004_ADNI_BASELINE_FS8_CORTICAL_VOLUME_TO_AIBL_BASELINE_FS8_CORTICAL_VOLUME_AGE,E1_ADNI_TO_AIBL_VOLUME_TRANSFER,0.7664064261627419,1.2592160091961486
E1_ADNI_TO_AIBL_VOLUME_TRANSFER_005_ADNI_BASELINE_FS8_SUBCORTICAL_VOLUME_TO_AIBL_BASELINE_FS8_SUBCORTICAL_VOLUME_DX_CN_AD,E1_ADNI_TO_AIBL_VOLUME_TRANSFER,0.09314679009063466,0.0439036591653562
E1_ADNI_TO_AIBL_VOLUME_TRANSFER_006_ADNI_BASELINE_FS8_SUBCORTICAL_VOLUME_TO_AIBL_BASELINE_FS8_SUBCORTICAL_VOLUME_DX_CN_MCI,E1_ADNI_TO_AIBL_VOLUME_TRANSFER,0.24761945327002205,0.14741835136956027
E1_ADNI_TO_AIBL_VOLUME_TRANSFER_007_ADNI_BASELINE_FS8_SUBCORTICAL_VOLUME_TO_AIBL_BASELINE_FS8_SUBCORTICAL_VOLUME_MMSE,E1_ADNI_TO_AIBL_VOLUME_TRANSFER,0.14852253619495348,0.06258790887141179
E1_ADNI_TO_AIBL_VOLUME_TRANSFER_008_ADNI_BASELINE_FS8_SUBCORTICAL_VOLUME_TO_AIBL_BASELINE_FS8_SUBCORTICAL_VOLUME_AGE,E1_ADNI_TO_AIBL_VOLUME_TRANSFER,0.2378729158857569,0.12012074796482912
E2_ADNI_TO_OASIS_VOLUME_TRANSFER_009_ADNI_BASELINE_FS8_CORTICAL_VOLUME_TO_OASIS1_BASELINE_FS8_CORTICAL_VOLUME_MMSE,E2_ADNI_TO_OASIS_VOLUME_TRANSFER,0.47294783080120706,0.5367852901071387
E2_ADNI_TO_OASIS_VOLUME_TRANSFER_010_ADNI_BASELINE_FS8_CORTICAL_VOLUME_TO_OASIS1_BASELINE_FS8_CORTICAL_VOLUME_AGE,E2_ADNI_TO_OASIS_VOLUME_TRANSFER,0.5766937228014941,0.9900190070093432
E2_ADNI_TO_OASIS_VOLUME_TRANSFER_011_ADNI_BASELINE_FS8_CORTICAL_VOLUME_TO_OASIS1_BASELINE_FS8_CORTICAL_VOLUME_AD_TO_CDR,E2_ADNI_TO_OASIS_VOLUME_TRANSFER,0.4256198882798201,0.6951808259780894
E2_ADNI_TO_OASIS_VOLUME_TRANSFER_012_ADNI_BASELINE_FS8_SUBCORTICAL_VOLUME_TO_OASIS1_BASELINE_FS8_SUBCORTICAL_VOLUME_MMSE,E2_ADNI_TO_OASIS_VOLUME_TRANSFER,0.2862599936842865,0.1868564915173135
E2_ADNI_TO_OASIS_VOLUME_TRANSFER_013_ADNI_BASELINE_FS8_SUBCORTICAL_VOLUME_TO_OASIS1_BASELINE_FS8_SUBCORTICAL_VOLUME_AGE,E2_ADNI_TO_OASIS_VOLUME_TRANSFER,0.27270654305708336,0.2142709360815406
E2_ADNI_TO_OASIS_VOLUME_TRANSFER_014_ADNI_BASELINE_FS8_SUBCORTICAL_VOLUME_TO_OASIS1_BASELINE_FS8_SUBCORTICAL_VOLUME_AD_TO_CDR,E2_ADNI_TO_OASIS_VOLUME_TRANSFER,0.2854127578438636,0.12428387941403166
E3_FS8_VS_SPM_THICKNESS_DRIFT_015_ADNI_SPM_MATCHED_FS8_THICKNESS_SCHAEFER200_7_TO_ADNI_SPM_MATCHED_SPM_THICKNESS_SCHAEFER200_7_DX_CN_AD,E3_FS8_VS_SPM_THICKNESS_DRIFT,0.4350092136402639,0.7327474134633601
E3_FS8_VS_SPM_THICKNESS_DRIFT_016_ADNI_SPM_MATCHED_FS8_THICKNESS_SCHAEFER200_7_TO_ADNI_SPM_MATCHED_SPM_THICKNESS_SCHAEFER200_7_DX_CN_MCI,E3_FS8_VS_SPM_THICKNESS_DRIFT,0.5146588034848614,0.9369063221926393
E3_FS8_VS_SPM_THICKNESS_DRIFT_017_ADNI_SPM_MATCHED_FS8_THICKNESS_SCHAEFER200_7_TO_ADNI_SPM_MATCHED_SPM_THICKNESS_SCHAEFER200_7_MMSE,E3_FS8_VS_SPM_THICKNESS_DRIFT,0.40403440191067164,0.820471423121272
E3_FS8_VS_SPM_THICKNESS_DRIFT_018_ADNI_SPM_MATCHED_FS8_THICKNESS_SCHAEFER200_7_TO_ADNI_SPM_MATCHED_SPM_THICKNESS_SCHAEFER200_7_AGE,E3_FS8_VS_SPM_THICKNESS_DRIFT,0.7434342504419348,1.0315779788750306
E3_FS8_VS_SPM_THICKNESS_DRIFT_019_ADNI_SPM_MATCHED_FS8_THICKNESS_SCHAEFER200_7_TO_ADNI_SPM_MATCHED_SPM_THICKNESS_SCHAEFER200_17_DX_CN_AD,E3_FS8_VS_SPM_THICKNESS_DRIFT,0.3302165330401799,0.3302165330401799
E3_FS8_VS_SPM_THICKNESS_DRIFT_020_ADNI_SPM_MATCHED_FS8_THICKNESS_SCHAEFER200_7_TO_ADNI_SPM_MATCHED_SPM_THICKNESS_SCHAEFER200_17_DX_CN_MCI,E3_FS8_VS_SPM_THICKNESS_DRIFT,0.3008326989609949,0.3008326989609949
E3_FS8_VS_SPM_THICKNESS_DRIFT_021_ADNI_SPM_MATCHED_FS8_THICKNESS_SCHAEFER200_7_TO_ADNI_SPM_MATCHED_SPM_THICKNESS_SCHAEFER200_17_MMSE,E3_FS8_VS_SPM_THICKNESS_DRIFT,0.30354470550158447,0.30354470550158447
E3_FS8_VS_SPM_THICKNESS_DRIFT_022_ADNI_SPM_MATCHED_FS8_THICKNESS_SCHAEFER200_7_TO_ADNI_SPM_MATCHED_SPM_THICKNESS_SCHAEFER200_17_AGE,E3_FS8_VS_SPM_THICKNESS_DRIFT,0.5949798640267128,0.5949798640267128
E3_FS8_VS_SPM_THICKNESS_DRIFT_023_ADNI_SPM_MATCHED_SPM_THICKNESS_SCHAEFER200_7_TO_ADNI_SPM_MATCHED_SPM_THICKNESS_SCHAEFER200_17_DX_CN_AD,E3_FS8_VS_SPM_THICKNESS_DRIFT,0.09602755656073636,0.09602755656073636
E3_FS8_VS_SPM_THICKNESS_DRIFT_024_ADNI_SPM_MATCHED_SPM_THICKNESS_SCHAEFER200_7_TO_ADNI_SPM_MATCHED_SPM_THICKNESS_SCHAEFER200_17_DX_CN_MCI,E3_FS8_VS_SPM_THICKNESS_DRIFT,0.06216301196770021,0.06216301196770021
E3_FS8_VS_SPM_THICKNESS_DRIFT_025_ADNI_SPM_MATCHED_SPM_THICKNESS_SCHAEFER200_7_TO_ADNI_SPM_MATCHED_SPM_THICKNESS_SCHAEFER200_17_MMSE,E3_FS8_VS_SPM_THICKNESS_DRIFT,0.12467978199392289,0.12467978199392289
E3_FS8_VS_SPM_THICKNESS_DRIFT_026_ADNI_SPM_MATCHED_SPM_THICKNESS_SCHAEFER200_7_TO_ADNI_SPM_MATCHED_SPM_THICKNESS_SCHAEFER200_17_AGE,E3_FS8_VS_SPM_THICKNESS_DRIFT,0.16435840449483013,0.16435840449483013
E4_FS8_VS_FASTSURFER_VOLUME_DRIFT_027_ADNI_BASELINE_FS8_CORTICAL_VOLUME_TO_ADNI_BASELINE_FASTSURFER_CORTICAL_VOLUME_DX_CN_AD,E4_FS8_VS_FASTSURFER_VOLUME_DRIFT,0.3799318214226035,0.6029293332952287
E4_FS8_VS_FASTSURFER_VOLUME_DRIFT_028_ADNI_BASELINE_FS8_CORTICAL_VOLUME_TO_ADNI_BASELINE_FASTSURFER_CORTICAL_VOLUME_DX_CN_MCI,E4_FS8_VS_FASTSURFER_VOLUME_DRIFT,0.3933299233820156,0.4941876359537537
E4_FS8_VS_FASTSURFER_VOLUME_DRIFT_029_ADNI_BASELINE_FS8_CORTICAL_VOLUME_TO_ADNI_BASELINE_FASTSURFER_CORTICAL_VOLUME_MMSE,E4_FS8_VS_FASTSURFER_VOLUME_DRIFT,0.399771366483305,0.6929964208887472
E4_FS8_VS_FASTSURFER_VOLUME_DRIFT_030_ADNI_BASELINE_FS8_CORTICAL_VOLUME_TO_ADNI_BASELINE_FASTSURFER_CORTICAL_VOLUME_AGE,E4_FS8_VS_FASTSURFER_VOLUME_DRIFT,0.7056183526602299,1.1725790224489787
E4_FS8_VS_FASTSURFER_VOLUME_DRIFT_031_ADNI_BASELINE_FS8_SUBCORTICAL_VOLUME_TO_ADNI_BASELINE_FASTSURFER_SUBCORTICAL_VOLUME_DX_CN_AD,E4_FS8_VS_FASTSURFER_VOLUME_DRIFT,0.2285163152678066,0.14933048508999502
E4_FS8_VS_FASTSURFER_VOLUME_DRIFT_032_ADNI_BASELINE_FS8_SUBCORTICAL_VOLUME_TO_ADNI_BASELINE_FASTSURFER_SUBCORTICAL_VOLUME_DX_CN_MCI,E4_FS8_VS_FASTSURFER_VOLUME_DRIFT,0.22518499832462313,0.15992359396303588
E4_FS8_VS_FASTSURFER_VOLUME_DRIFT_033_ADNI_BASELINE_FS8_SUBCORTICAL_VOLUME_TO_ADNI_BASELINE_FASTSURFER_SUBCORTICAL_VOLUME_MMSE,E4_FS8_VS_FASTSURFER_VOLUME_DRIFT,0.22233173300886885,0.17191228606423417
E4_FS8_VS_FASTSURFER_VOLUME_DRIFT_034_ADNI_BASELINE_FS8_SUBCORTICAL_VOLUME_TO_ADNI_BASELINE_FASTSURFER_SUBCORTICAL_VOLUME_AGE,E4_FS8_VS_FASTSURFER_VOLUME_DRIFT,0.2508958105404468,0.14743094896682182
E5_FS8_THICKNESS_ATLAS_SENSITIVITY_035_ADNI_BASELINE_FS8_THICKNESS_SCHAEFER200_7_TO_ADNI_BASELINE_FS8_THICKNESS_KONG200_17_DX_CN_AD,E5_FS8_THICKNESS_ATLAS_SENSITIVITY,0.3105183302760226,0.3105183302760226
E5_FS8_THICKNESS_ATLAS_SENSITIVITY_036_ADNI_BASELINE_FS8_THICKNESS_SCHAEFER200_7_TO_ADNI_BASELINE_FS8_THICKNESS_KONG200_17_DX_CN_MCI,E5_FS8_THICKNESS_ATLAS_SENSITIVITY,0.30828657032739454,0.30828657032739454
E5_FS8_THICKNESS_ATLAS_SENSITIVITY_037_ADNI_BASELINE_FS8_THICKNESS_SCHAEFER200_7_TO_ADNI_BASELINE_FS8_THICKNESS_KONG200_17_MMSE,E5_FS8_THICKNESS_ATLAS_SENSITIVITY,0.31324066404233636,0.31324066404233636
E5_FS8_THICKNESS_ATLAS_SENSITIVITY_038_ADNI_BASELINE_FS8_THICKNESS_SCHAEFER200_7_TO_ADNI_BASELINE_FS8_THICKNESS_KONG200_17_AGE,E5_FS8_THICKNESS_ATLAS_SENSITIVITY,0.2370771936116319,0.2370771936116319
E5_FS8_THICKNESS_ATLAS_SENSITIVITY_039_ADNI_BASELINE_FS8_THICKNESS_SCHAEFER200_7_TO_ADNI_BASELINE_FS8_THICKNESS_YALE696_DX_CN_AD,E5_FS8_THICKNESS_ATLAS_SENSITIVITY,0.6249746045382976,0.6249746045382976
E5_FS8_THICKNESS_ATLAS_SENSITIVITY_040_ADNI_BASELINE_FS8_THICKNESS_SCHAEFER200_7_TO_ADNI_BASELINE_FS8_THICKNESS_YALE696_DX_CN_MCI,E5_FS8_THICKNESS_ATLAS_SENSITIVITY,0.3989032425486449,0.3989032425486449
E5_FS8_THICKNESS_ATLAS_SENSITIVITY_041_ADNI_BASELINE_FS8_THICKNESS_SCHAEFER200_7_TO_ADNI_BASELINE_FS8_THICKNESS_YALE696_MMSE,E5_FS8_THICKNESS_ATLAS_SENSITIVITY,0.6290485468290147,0.6290485468290147
E5_FS8_THICKNESS_ATLAS_SENSITIVITY_042_ADNI_BASELINE_FS8_THICKNESS_SCHAEFER200_7_TO_ADNI_BASELINE_FS8_THICKNESS_YALE696_AGE,E5_FS8_THICKNESS_ATLAS_SENSITIVITY,0.4187795429648798,0.4187795429648798
E5_FS8_THICKNESS_ATLAS_SENSITIVITY_043_ADNI_BASELINE_FS8_THICKNESS_KONG200_17_TO_ADNI_BASELINE_FS8_THICKNESS_YALE696_DX_CN_AD,E5_FS8_THICKNESS_ATLAS_SENSITIVITY,0.4854297097130799,0.4854297097130799
E5_FS8_THICKNESS_ATLAS_SENSITIVITY_044_ADNI_BASELINE_FS8_THICKNESS_KONG200_17_TO_ADNI_BASELINE_FS8_THICKNESS_YALE696_DX_CN_MCI,E5_FS8_THICKNESS_ATLAS_SENSITIVITY,0.35073020720778225,0.35073020720778225
E5_FS8_THICKNESS_ATLAS_SENSITIVITY_045_ADNI_BASELINE_FS8_THICKNESS_KONG200_17_TO_ADNI_BASELINE_FS8_THICKNESS_YALE696_MMSE,E5_FS8_THICKNESS_ATLAS_SENSITIVITY,0.5601844458021211,0.5601844458021211
E5_FS8_THICKNESS_ATLAS_SENSITIVITY_046_ADNI_BASELINE_FS8_THICKNESS_KONG200_17_TO_ADNI_BASELINE_FS8_THICKNESS_YALE696_AGE,E5_FS8_THICKNESS_ATLAS_SENSITIVITY,0.7643227064407712,0.7643227064407712
E5_FS8_THICKNESS_ATLAS_SENSITIVITY_047_AIBL_BASELINE_FS8_THICKNESS_SCHAEFER200_7_TO_AIBL_BASELINE_FS8_THICKNESS_KONG200_17_DX_CN_AD,E5_FS8_THICKNESS_ATLAS_SENSITIVITY,0.32589211997862194,0.32589211997862194
E5_FS8_THICKNESS_ATLAS_SENSITIVITY_048_AIBL_BASELINE_FS8_THICKNESS_SCHAEFER200_7_TO_AIBL_BASELINE_FS8_THICKNESS_KONG200_17_DX_CN_MCI,E5_FS8_THICKNESS_ATLAS_SENSITIVITY,0.27258469531168106,0.27258469531168106
E5_FS8_THICKNESS_ATLAS_SENSITIVITY_049_AIBL_BASELINE_FS8_THICKNESS_SCHAEFER200_7_TO_AIBL_BASELINE_FS8_THICKNESS_KONG200_17_MMSE,E5_FS8_THICKNESS_ATLAS_SENSITIVITY,0.39290111509019293,0.39290111509019293
E5_FS8_THICKNESS_ATLAS_SENSITIVITY_050_AIBL_BASELINE_FS8_THICKNESS_SCHAEFER200_7_TO_AIBL_BASELINE_FS8_THICKNESS_KONG200_17_AGE,E5_FS8_THICKNESS_ATLAS_SENSITIVITY,0.4450256080840542,0.4450256080840542
E5_FS8_THICKNESS_ATLAS_SENSITIVITY_051_AIBL_BASELINE_FS8_THICKNESS_SCHAEFER200_7_TO_AIBL_BASELINE_FS8_THICKNESS_YALE696_DX_CN_AD,E5_FS8_THICKNESS_ATLAS_SENSITIVITY,0.5399412583095163,0.5399412583095163
E5_FS8_THICKNESS_ATLAS_SENSITIVITY_052_AIBL_BASELINE_FS8_THICKNESS_SCHAEFER200_7_TO_AIBL_BASELINE_FS8_THICKNESS_YALE696_DX_CN_MCI,E5_FS8_THICKNESS_ATLAS_SENSITIVITY,0.5567889710144953,0.5567889710144953
E5_FS8_THICKNESS_ATLAS_SENSITIVITY_053_AIBL_BASELINE_FS8_THICKNESS_SCHAEFER200_7_TO_AIBL_BASELINE_FS8_THICKNESS_YALE696_MMSE,E5_FS8_THICKNESS_ATLAS_SENSITIVITY,0.6095889180128354,0.6095889180128354
E5_FS8_THICKNESS_ATLAS_SENSITIVITY_054_AIBL_BASELINE_FS8_THICKNESS_SCHAEFER200_7_TO_AIBL_BASELINE_FS8_THICKNESS_YALE696_AGE,E5_FS8_THICKNESS_ATLAS_SENSITIVITY,0.7051132895152504,0.7051132895152504
E5_FS8_THICKNESS_ATLAS_SENSITIVITY_055_AIBL_BASELINE_FS8_THICKNESS_KONG200_17_TO_AIBL_BASELINE_FS8_THICKNESS_YALE696_DX_CN_AD,E5_FS8_THICKNESS_ATLAS_SENSITIVITY,0.5065435774883357,0.5065435774883357
E5_FS8_THICKNESS_ATLAS_SENSITIVITY_056_AIBL_BASELINE_FS8_THICKNESS_KONG200_17_TO_AIBL_BASELINE_FS8_THICKNESS_YALE696_DX_CN_MCI,E5_FS8_THICKNESS_ATLAS_SENSITIVITY,0.16222401181818244,0.16222401181818244
E5_FS8_THICKNESS_ATLAS_SENSITIVITY_057_AIBL_BASELINE_FS8_THICKNESS_KONG200_17_TO_AIBL_BASELINE_FS8_THICKNESS_YALE696_MMSE,E5_FS8_THICKNESS_ATLAS_SENSITIVITY,0.5340299880759919,0.5340299880759919
E5_FS8_THICKNESS_ATLAS_SENSITIVITY_058_AIBL_BASELINE_FS8_THICKNESS_KONG200_17_TO_AIBL_BASELINE_FS8_THICKNESS_YALE696_AGE,E5_FS8_THICKNESS_ATLAS_SENSITIVITY,1.0304721299289115,1.0304721299289115
E5_FS8_THICKNESS_ATLAS_SENSITIVITY_059_OASIS1_BASELINE_FS8_THICKNESS_SCHAEFER200_7_TO_OASIS1_BASELINE_FS8_THICKNESS_KONG200_17_CDR,E5_FS8_THICKNESS_ATLAS_SENSITIVITY,0.23143289999100133,0.23143289999100133
E5_FS8_THICKNESS_ATLAS_SENSITIVITY_060_OASIS1_BASELINE_FS8_THICKNESS_SCHAEFER200_7_TO_OASIS1_BASELINE_FS8_THICKNESS_KONG200_17_MMSE,E5_FS8_THICKNESS_ATLAS_SENSITIVITY,0.35248119042841797,0.35248119042841797
E5_FS8_THICKNESS_ATLAS_SENSITIVITY_061_OASIS1_BASELINE_FS8_THICKNESS_SCHAEFER200_7_TO_OASIS1_BASELINE_FS8_THICKNESS_KONG200_17_AGE,E5_FS8_THICKNESS_ATLAS_SENSITIVITY,0.4797205149846566,0.4797205149846566
E5_FS8_THICKNESS_ATLAS_SENSITIVITY_062_OASIS1_BASELINE_FS8_THICKNESS_SCHAEFER200_7_TO_OASIS1_BASELINE_FS8_THICKNESS_YALE696_CDR,E5_FS8_THICKNESS_ATLAS_SENSITIVITY,1.1817383571069187,1.1817383571069187
E5_FS8_THICKNESS_ATLAS_SENSITIVITY_063_OASIS1_BASELINE_FS8_THICKNESS_SCHAEFER200_7_TO_OASIS1_BASELINE_FS8_THICKNESS_YALE696_MMSE,E5_FS8_THICKNESS_ATLAS_SENSITIVITY,1.03322828804037,1.03322828804037
E5_FS8_THICKNESS_ATLAS_SENSITIVITY_064_OASIS1_BASELINE_FS8_THICKNESS_SCHAEFER200_7_TO_OASIS1_BASELINE_FS8_THICKNESS_YALE696_AGE,E5_FS8_THICKNESS_ATLAS_SENSITIVITY,1.3005038803483981,1.3005038803483981
E5_FS8_THICKNESS_ATLAS_SENSITIVITY_065_OASIS1_BASELINE_FS8_THICKNESS_KONG200_17_TO_OASIS1_BASELINE_FS8_THICKNESS_YALE696_CDR,E5_FS8_THICKNESS_ATLAS_SENSITIVITY,0.896925227734322,0.896925227734322
E5_FS8_THICKNESS_ATLAS_SENSITIVITY_066_OASIS1_BASELINE_FS8_THICKNESS_KONG200_17_TO_OASIS1_BASELINE_FS8_THICKNESS_YALE696_MMSE,E5_FS8_THICKNESS_ATLAS_SENSITIVITY,0.6762073208721905,0.6762073208721905
E5_FS8_THICKNESS_ATLAS_SENSITIVITY_067_OASIS1_BASELINE_FS8_THICKNESS_KONG200_17_TO_OASIS1_BASELINE_FS8_THICKNESS_YALE696_AGE,E5_FS8_THICKNESS_ATLAS_SENSITIVITY,1.2380145195972816,1.2380145195972816
E6_FS8_VOLUME_VS_THICKNESS_SENSITIVITY_068_ADNI_BASELINE_FS8_CORTICAL_VOLUME_TO_ADNI_BASELINE_FS8_THICKNESS_SCHAEFER200_7_DX_CN_AD,E6_FS8_VOLUME_VS_THICKNESS_SENSITIVITY,0.6816382808444656,0.6816382808444656
E6_FS8_VOLUME_VS_THICKNESS_SENSITIVITY_069_ADNI_BASELINE_FS8_CORTICAL_VOLUME_TO_ADNI_BASELINE_FS8_THICKNESS_SCHAEFER200_7_DX_CN_MCI,E6_FS8_VOLUME_VS_THICKNESS_SENSITIVITY,0.6807031169129862,0.6807031169129862
E6_FS8_VOLUME_VS_THICKNESS_SENSITIVITY_070_ADNI_BASELINE_FS8_CORTICAL_VOLUME_TO_ADNI_BASELINE_FS8_THICKNESS_SCHAEFER200_7_MMSE,E6_FS8_VOLUME_VS_THICKNESS_SENSITIVITY,0.8200970412649278,0.8200970412649278
E6_FS8_VOLUME_VS_THICKNESS_SENSITIVITY_071_ADNI_BASELINE_FS8_CORTICAL_VOLUME_TO_ADNI_BASELINE_FS8_THICKNESS_SCHAEFER200_7_AGE,E6_FS8_VOLUME_VS_THICKNESS_SENSITIVITY,0.8680689986877311,0.8680689986877311
E6_FS8_VOLUME_VS_THICKNESS_SENSITIVITY_076_AIBL_BASELINE_FS8_CORTICAL_VOLUME_TO_AIBL_BASELINE_FS8_THICKNESS_SCHAEFER200_7_DX_CN_AD,E6_FS8_VOLUME_VS_THICKNESS_SENSITIVITY,0.5933052957575601,0.5933052957575601
E6_FS8_VOLUME_VS_THICKNESS_SENSITIVITY_077_AIBL_BASELINE_FS8_CORTICAL_VOLUME_TO_AIBL_BASELINE_FS8_THICKNESS_SCHAEFER200_7_DX_CN_MCI,E6_FS8_VOLUME_VS_THICKNESS_SENSITIVITY,0.48198828088454465,0.48198828088454465
E6_FS8_VOLUME_VS_THICKNESS_SENSITIVITY_078_AIBL_BASELINE_FS8_CORTICAL_VOLUME_TO_AIBL_BASELINE_FS8_THICKNESS_SCHAEFER200_7_MMSE,E6_FS8_VOLUME_VS_THICKNESS_SENSITIVITY,0.6124187789223459,0.6124187789223459
E6_FS8_VOLUME_VS_THICKNESS_SENSITIVITY_079_AIBL_BASELINE_FS8_CORTICAL_VOLUME_TO_AIBL_BASELINE_FS8_THICKNESS_SCHAEFER200_7_AGE,E6_FS8_VOLUME_VS_THICKNESS_SENSITIVITY,0.3425485737337726,0.3425485737337726
E6_FS8_VOLUME_VS_THICKNESS_SENSITIVITY_084_OASIS1_BASELINE_FS8_CORTICAL_VOLUME_TO_OASIS1_BASELINE_FS8_THICKNESS_SCHAEFER200_7_CDR,E6_FS8_VOLUME_VS_THICKNESS_SENSITIVITY,0.872166969101851,0.872166969101851
E6_FS8_VOLUME_VS_THICKNESS_SENSITIVITY_085_OASIS1_BASELINE_FS8_CORTICAL_VOLUME_TO_OASIS1_BASELINE_FS8_THICKNESS_SCHAEFER200_7_MMSE,E6_FS8_VOLUME_VS_THICKNESS_SENSITIVITY,0.7041635020060332,0.7041635020060332
E6_FS8_VOLUME_VS_THICKNESS_SENSITIVITY_086_OASIS1_BASELINE_FS8_CORTICAL_VOLUME_TO_OASIS1_BASELINE_FS8_THICKNESS_SCHAEFER200_7_AGE,E6_FS8_VOLUME_VS_THICKNESS_SENSITIVITY,1.1485086383346617,1.1485086383346617
