pair_id,experiment_id,source_support_size,target_support_size,support_jaccard,support_overlap_count,support_overlap_fraction_source,support_overlap_fraction_target
E1_ADNI_TO_AIBL_VOLUME_TRANSFER_001_ADNI_BASELINE_FS8_CORTICAL_VOLUME_TO_AIBL_BASELINE_FS8_CORTICAL_VOLUME_DX_CN_AD,E1_ADNI_TO_AIBL_VOLUME_TRANSFER,20.0,20.0,0.8181818181818182,18.0,0.9,0.9
E1_ADNI_TO_AIBL_VOLUME_TRANSFER_002_ADNI_BASELINE_FS8_CORTICAL_VOLUME_TO_AIBL_BASELINE_FS8_CORTICAL_VOLUME_DX_CN_MCI,E1_ADNI_TO_AIBL_VOLUME_TRANSFER,20.0,20.0,0.48148148148148145,13.0,0.65,0.65
E1_ADNI_TO_AIBL_VOLUME_TRANSFER_003_ADNI_BASELINE_FS8_CORTICAL_VOLUME_TO_AIBL_BASELINE_FS8_CORTICAL_VOLUME_MMSE,E1_ADNI_TO_AIBL_VOLUME_TRANSFER,20.0,20.0,0.6666666666666666,16.0,0.8,0.8
E1_ADNI_TO_AIBL_VOLUME_TRANSFER_004_ADNI_BASELINE_FS8_CORTICAL_VOLUME_TO_AIBL_BASELINE_FS8_CORTICAL_VOLUME_AGE,E1_ADNI_TO_AIBL_VOLUME_TRANSFER,20.0,20.0,0.3333333333333333,10.0,0.5,0.5
E1_ADNI_TO_AIBL_VOLUME_TRANSFER_005_ADNI_BASELINE_FS8_SUBCORTICAL_VOLUME_TO_AIBL_BASELINE_FS8_SUBCORTICAL_VOLUME_DX_CN_AD,E1_ADNI_TO_AIBL_VOLUME_TRANSFER,20.0,20.0,0.9047619047619048,19.0,0.95,0.95
E1_ADNI_TO_AIBL_VOLUME_TRANSFER_006_ADNI_BASELINE_FS8_SUBCORTICAL_VOLUME_TO_AIBL_BASELINE_FS8_SUBCORTICAL_VOLUME_DX_CN_MCI,E1_ADNI_TO_AIBL_VOLUME_TRANSFER,20.0,20.0,0.6,15.0,0.75,0.75
E1_ADNI_TO_AIBL_VOLUME_TRANSFER_007_ADNI_BASELINE_FS8_SUBCORTICAL_VOLUME_TO_AIBL_BASELINE_FS8_SUBCORTICAL_VOLUME_MMSE,E1_ADNI_TO_AIBL_VOLUME_TRANSFER,20.0,20.0,0.9047619047619048,19.0,0.95,0.95
E1_ADNI_TO_AIBL_VOLUME_TRANSFER_008_ADNI_BASELINE_FS8_SUBCORTICAL_VOLUME_TO_AIBL_BASELINE_FS8_SUBCORTICAL_VOLUME_AGE,E1_ADNI_TO_AIBL_VOLUME_TRANSFER,20.0,20.0,0.6,15.0,0.75,0.75
E2_ADNI_TO_OASIS_VOLUME_TRANSFER_009_ADNI_BASELINE_FS8_CORTICAL_VOLUME_TO_OASIS1_BASELINE_FS8_CORTICAL_VOLUME_MMSE,E2_ADNI_TO_OASIS_VOLUME_TRANSFER,20.0,20.0,0.6666666666666666,16.0,0.8,0.8
E2_ADNI_TO_OASIS_VOLUME_TRANSFER_010_ADNI_BASELINE_FS8_CORTICAL_VOLUME_TO_OASIS1_BASELINE_FS8_CORTICAL_VOLUME_AGE,E2_ADNI_TO_OASIS_VOLUME_TRANSFER,20.0,20.0,0.42857142857142855,12.0,0.6,0.6
E2_ADNI_TO_OASIS_VOLUME_TRANSFER_011_ADNI_BASELINE_FS8_CORTICAL_VOLUME_TO_OASIS1_BASELINE_FS8_CORTICAL_VOLUME_AD_TO_CDR,E2_ADNI_TO_OASIS_VOLUME_TRANSFER,20.0,20.0,0.7391304347826086,17.0,0.85,0.85
E2_ADNI_TO_OASIS_VOLUME_TRANSFER_012_ADNI_BASELINE_FS8_SUBCORTICAL_VOLUME_TO_OASIS1_BASELINE_FS8_SUBCORTICAL_VOLUME_MMSE,E2_ADNI_TO_OASIS_VOLUME_TRANSFER,20.0,20.0,0.8181818181818182,18.0,0.9,0.9
E2_ADNI_TO_OASIS_VOLUME_TRANSFER_013_ADNI_BASELINE_FS8_SUBCORTICAL_VOLUME_TO_OASIS1_BASELINE_FS8_SUBCORTICAL_VOLUME_AGE,E2_ADNI_TO_OASIS_VOLUME_TRANSFER,20.0,20.0,0.6666666666666666,16.0,0.8,0.8
E2_ADNI_TO_OASIS_VOLUME_TRANSFER_014_ADNI_BASELINE_FS8_SUBCORTICAL_VOLUME_TO_OASIS1_BASELINE_FS8_SUBCORTICAL_VOLUME_AD_TO_CDR,E2_ADNI_TO_OASIS_VOLUME_TRANSFER,20.0,20.0,0.8181818181818182,18.0,0.9,0.9
E3_FS8_VS_SPM_THICKNESS_DRIFT_015_ADNI_SPM_MATCHED_FS8_THICKNESS_SCHAEFER200_7_TO_ADNI_SPM_MATCHED_SPM_THICKNESS_SCHAEFER200_7_DX_CN_AD,E3_FS8_VS_SPM_THICKNESS_DRIFT,20.0,20.0,0.6,15.0,0.75,0.75
E3_FS8_VS_SPM_THICKNESS_DRIFT_016_ADNI_SPM_MATCHED_FS8_THICKNESS_SCHAEFER200_7_TO_ADNI_SPM_MATCHED_SPM_THICKNESS_SCHAEFER200_7_DX_CN_MCI,E3_FS8_VS_SPM_THICKNESS_DRIFT,20.0,20.0,0.6666666666666666,16.0,0.8,0.8
E3_FS8_VS_SPM_THICKNESS_DRIFT_017_ADNI_SPM_MATCHED_FS8_THICKNESS_SCHAEFER200_7_TO_ADNI_SPM_MATCHED_SPM_THICKNESS_SCHAEFER200_7_MMSE,E3_FS8_VS_SPM_THICKNESS_DRIFT,20.0,20.0,0.5384615384615384,14.0,0.7,0.7
E3_FS8_VS_SPM_THICKNESS_DRIFT_018_ADNI_SPM_MATCHED_FS8_THICKNESS_SCHAEFER200_7_TO_ADNI_SPM_MATCHED_SPM_THICKNESS_SCHAEFER200_7_AGE,E3_FS8_VS_SPM_THICKNESS_DRIFT,20.0,20.0,0.25,8.0,0.4,0.4
E3_FS8_VS_SPM_THICKNESS_DRIFT_019_ADNI_SPM_MATCHED_FS8_THICKNESS_SCHAEFER200_7_TO_ADNI_SPM_MATCHED_SPM_THICKNESS_SCHAEFER200_17_DX_CN_AD,E3_FS8_VS_SPM_THICKNESS_DRIFT,,,1.0,,,
E3_FS8_VS_SPM_THICKNESS_DRIFT_020_ADNI_SPM_MATCHED_FS8_THICKNESS_SCHAEFER200_7_TO_ADNI_SPM_MATCHED_SPM_THICKNESS_SCHAEFER200_17_DX_CN_MCI,E3_FS8_VS_SPM_THICKNESS_DRIFT,,,1.0,,,
E3_FS8_VS_SPM_THICKNESS_DRIFT_021_ADNI_SPM_MATCHED_FS8_THICKNESS_SCHAEFER200_7_TO_ADNI_SPM_MATCHED_SPM_THICKNESS_SCHAEFER200_17_MMSE,E3_FS8_VS_SPM_THICKNESS_DRIFT,,,1.0,,,
E3_FS8_VS_SPM_THICKNESS_DRIFT_022_ADNI_SPM_MATCHED_FS8_THICKNESS_SCHAEFER200_7_TO_ADNI_SPM_MATCHED_SPM_THICKNESS_SCHAEFER200_17_AGE,E3_FS8_VS_SPM_THICKNESS_DRIFT,,,1.0,,,
E3_FS8_VS_SPM_THICKNESS_DRIFT_023_ADNI_SPM_MATCHED_SPM_THICKNESS_SCHAEFER200_7_TO_ADNI_SPM_MATCHED_SPM_THICKNESS_SCHAEFER200_17_DX_CN_AD,E3_FS8_VS_SPM_THICKNESS_DRIFT,,,1.0,,,
E3_FS8_VS_SPM_THICKNESS_DRIFT_024_ADNI_SPM_MATCHED_SPM_THICKNESS_SCHAEFER200_7_TO_ADNI_SPM_MATCHED_SPM_THICKNESS_SCHAEFER200_17_DX_CN_MCI,E3_FS8_VS_SPM_THICKNESS_DRIFT,,,1.0,,,
E3_FS8_VS_SPM_THICKNESS_DRIFT_025_ADNI_SPM_MATCHED_SPM_THICKNESS_SCHAEFER200_7_TO_ADNI_SPM_MATCHED_SPM_THICKNESS_SCHAEFER200_17_MMSE,E3_FS8_VS_SPM_THICKNESS_DRIFT,,,1.0,,,
E3_FS8_VS_SPM_THICKNESS_DRIFT_026_ADNI_SPM_MATCHED_SPM_THICKNESS_SCHAEFER200_7_TO_ADNI_SPM_MATCHED_SPM_THICKNESS_SCHAEFER200_17_AGE,E3_FS8_VS_SPM_THICKNESS_DRIFT,,,1.0,,,
E4_FS8_VS_FASTSURFER_VOLUME_DRIFT_027_ADNI_BASELINE_FS8_CORTICAL_VOLUME_TO_ADNI_BASELINE_FASTSURFER_CORTICAL_VOLUME_DX_CN_AD,E4_FS8_VS_FASTSURFER_VOLUME_DRIFT,20.0,20.0,0.05263157894736842,2.0,0.1,0.1
E4_FS8_VS_FASTSURFER_VOLUME_DRIFT_028_ADNI_BASELINE_FS8_CORTICAL_VOLUME_TO_ADNI_BASELINE_FASTSURFER_CORTICAL_VOLUME_DX_CN_MCI,E4_FS8_VS_FASTSURFER_VOLUME_DRIFT,20.0,20.0,0.02564102564102564,1.0,0.05,0.05
E4_FS8_VS_FASTSURFER_VOLUME_DRIFT_029_ADNI_BASELINE_FS8_CORTICAL_VOLUME_TO_ADNI_BASELINE_FASTSURFER_CORTICAL_VOLUME_MMSE,E4_FS8_VS_FASTSURFER_VOLUME_DRIFT,20.0,20.0,0.05263157894736842,2.0,0.1,0.1
E4_FS8_VS_FASTSURFER_VOLUME_DRIFT_030_ADNI_BASELINE_FS8_CORTICAL_VOLUME_TO_ADNI_BASELINE_FASTSURFER_CORTICAL_VOLUME_AGE,E4_FS8_VS_FASTSURFER_VOLUME_DRIFT,20.0,20.0,0.02564102564102564,1.0,0.05,0.05
E4_FS8_VS_FASTSURFER_VOLUME_DRIFT_031_ADNI_BASELINE_FS8_SUBCORTICAL_VOLUME_TO_ADNI_BASELINE_FASTSURFER_SUBCORTICAL_VOLUME_DX_CN_AD,E4_FS8_VS_FASTSURFER_VOLUME_DRIFT,20.0,20.0,0.14285714285714285,5.0,0.25,0.25
E4_FS8_VS_FASTSURFER_VOLUME_DRIFT_032_ADNI_BASELINE_FS8_SUBCORTICAL_VOLUME_TO_ADNI_BASELINE_FASTSURFER_SUBCORTICAL_VOLUME_DX_CN_MCI,E4_FS8_VS_FASTSURFER_VOLUME_DRIFT,20.0,20.0,0.14285714285714285,5.0,0.25,0.25
E4_FS8_VS_FASTSURFER_VOLUME_DRIFT_033_ADNI_BASELINE_FS8_SUBCORTICAL_VOLUME_TO_ADNI_BASELINE_FASTSURFER_SUBCORTICAL_VOLUME_MMSE,E4_FS8_VS_FASTSURFER_VOLUME_DRIFT,20.0,20.0,0.17647058823529413,6.0,0.3,0.3
E4_FS8_VS_FASTSURFER_VOLUME_DRIFT_034_ADNI_BASELINE_FS8_SUBCORTICAL_VOLUME_TO_ADNI_BASELINE_FASTSURFER_SUBCORTICAL_VOLUME_AGE,E4_FS8_VS_FASTSURFER_VOLUME_DRIFT,20.0,20.0,0.17647058823529413,6.0,0.3,0.3
E5_FS8_THICKNESS_ATLAS_SENSITIVITY_035_ADNI_BASELINE_FS8_THICKNESS_SCHAEFER200_7_TO_ADNI_BASELINE_FS8_THICKNESS_KONG200_17_DX_CN_AD,E5_FS8_THICKNESS_ATLAS_SENSITIVITY,,,1.0,,,
E5_FS8_THICKNESS_ATLAS_SENSITIVITY_036_ADNI_BASELINE_FS8_THICKNESS_SCHAEFER200_7_TO_ADNI_BASELINE_FS8_THICKNESS_KONG200_17_DX_CN_MCI,E5_FS8_THICKNESS_ATLAS_SENSITIVITY,,,1.0,,,
E5_FS8_THICKNESS_ATLAS_SENSITIVITY_037_ADNI_BASELINE_FS8_THICKNESS_SCHAEFER200_7_TO_ADNI_BASELINE_FS8_THICKNESS_KONG200_17_MMSE,E5_FS8_THICKNESS_ATLAS_SENSITIVITY,,,1.0,,,
E5_FS8_THICKNESS_ATLAS_SENSITIVITY_038_ADNI_BASELINE_FS8_THICKNESS_SCHAEFER200_7_TO_ADNI_BASELINE_FS8_THICKNESS_KONG200_17_AGE,E5_FS8_THICKNESS_ATLAS_SENSITIVITY,,,1.0,,,
E5_FS8_THICKNESS_ATLAS_SENSITIVITY_039_ADNI_BASELINE_FS8_THICKNESS_SCHAEFER200_7_TO_ADNI_BASELINE_FS8_THICKNESS_YALE696_DX_CN_AD,E5_FS8_THICKNESS_ATLAS_SENSITIVITY,,,1.0,,,
E5_FS8_THICKNESS_ATLAS_SENSITIVITY_040_ADNI_BASELINE_FS8_THICKNESS_SCHAEFER200_7_TO_ADNI_BASELINE_FS8_THICKNESS_YALE696_DX_CN_MCI,E5_FS8_THICKNESS_ATLAS_SENSITIVITY,,,1.0,,,
E5_FS8_THICKNESS_ATLAS_SENSITIVITY_041_ADNI_BASELINE_FS8_THICKNESS_SCHAEFER200_7_TO_ADNI_BASELINE_FS8_THICKNESS_YALE696_MMSE,E5_FS8_THICKNESS_ATLAS_SENSITIVITY,,,1.0,,,
E5_FS8_THICKNESS_ATLAS_SENSITIVITY_042_ADNI_BASELINE_FS8_THICKNESS_SCHAEFER200_7_TO_ADNI_BASELINE_FS8_THICKNESS_YALE696_AGE,E5_FS8_THICKNESS_ATLAS_SENSITIVITY,,,1.0,,,
E5_FS8_THICKNESS_ATLAS_SENSITIVITY_043_ADNI_BASELINE_FS8_THICKNESS_KONG200_17_TO_ADNI_BASELINE_FS8_THICKNESS_YALE696_DX_CN_AD,E5_FS8_THICKNESS_ATLAS_SENSITIVITY,,,1.0,,,
E5_FS8_THICKNESS_ATLAS_SENSITIVITY_044_ADNI_BASELINE_FS8_THICKNESS_KONG200_17_TO_ADNI_BASELINE_FS8_THICKNESS_YALE696_DX_CN_MCI,E5_FS8_THICKNESS_ATLAS_SENSITIVITY,,,1.0,,,
E5_FS8_THICKNESS_ATLAS_SENSITIVITY_045_ADNI_BASELINE_FS8_THICKNESS_KONG200_17_TO_ADNI_BASELINE_FS8_THICKNESS_YALE696_MMSE,E5_FS8_THICKNESS_ATLAS_SENSITIVITY,,,1.0,,,
E5_FS8_THICKNESS_ATLAS_SENSITIVITY_046_ADNI_BASELINE_FS8_THICKNESS_KONG200_17_TO_ADNI_BASELINE_FS8_THICKNESS_YALE696_AGE,E5_FS8_THICKNESS_ATLAS_SENSITIVITY,,,1.0,,,
E5_FS8_THICKNESS_ATLAS_SENSITIVITY_047_AIBL_BASELINE_FS8_THICKNESS_SCHAEFER200_7_TO_AIBL_BASELINE_FS8_THICKNESS_KONG200_17_DX_CN_AD,E5_FS8_THICKNESS_ATLAS_SENSITIVITY,,,1.0,,,
E5_FS8_THICKNESS_ATLAS_SENSITIVITY_048_AIBL_BASELINE_FS8_THICKNESS_SCHAEFER200_7_TO_AIBL_BASELINE_FS8_THICKNESS_KONG200_17_DX_CN_MCI,E5_FS8_THICKNESS_ATLAS_SENSITIVITY,,,1.0,,,
E5_FS8_THICKNESS_ATLAS_SENSITIVITY_049_AIBL_BASELINE_FS8_THICKNESS_SCHAEFER200_7_TO_AIBL_BASELINE_FS8_THICKNESS_KONG200_17_MMSE,E5_FS8_THICKNESS_ATLAS_SENSITIVITY,,,1.0,,,
E5_FS8_THICKNESS_ATLAS_SENSITIVITY_050_AIBL_BASELINE_FS8_THICKNESS_SCHAEFER200_7_TO_AIBL_BASELINE_FS8_THICKNESS_KONG200_17_AGE,E5_FS8_THICKNESS_ATLAS_SENSITIVITY,,,1.0,,,
E5_FS8_THICKNESS_ATLAS_SENSITIVITY_051_AIBL_BASELINE_FS8_THICKNESS_SCHAEFER200_7_TO_AIBL_BASELINE_FS8_THICKNESS_YALE696_DX_CN_AD,E5_FS8_THICKNESS_ATLAS_SENSITIVITY,,,1.0,,,
E5_FS8_THICKNESS_ATLAS_SENSITIVITY_052_AIBL_BASELINE_FS8_THICKNESS_SCHAEFER200_7_TO_AIBL_BASELINE_FS8_THICKNESS_YALE696_DX_CN_MCI,E5_FS8_THICKNESS_ATLAS_SENSITIVITY,,,1.0,,,
E5_FS8_THICKNESS_ATLAS_SENSITIVITY_053_AIBL_BASELINE_FS8_THICKNESS_SCHAEFER200_7_TO_AIBL_BASELINE_FS8_THICKNESS_YALE696_MMSE,E5_FS8_THICKNESS_ATLAS_SENSITIVITY,,,1.0,,,
E5_FS8_THICKNESS_ATLAS_SENSITIVITY_054_AIBL_BASELINE_FS8_THICKNESS_SCHAEFER200_7_TO_AIBL_BASELINE_FS8_THICKNESS_YALE696_AGE,E5_FS8_THICKNESS_ATLAS_SENSITIVITY,,,1.0,,,
E5_FS8_THICKNESS_ATLAS_SENSITIVITY_055_AIBL_BASELINE_FS8_THICKNESS_KONG200_17_TO_AIBL_BASELINE_FS8_THICKNESS_YALE696_DX_CN_AD,E5_FS8_THICKNESS_ATLAS_SENSITIVITY,,,1.0,,,
E5_FS8_THICKNESS_ATLAS_SENSITIVITY_056_AIBL_BASELINE_FS8_THICKNESS_KONG200_17_TO_AIBL_BASELINE_FS8_THICKNESS_YALE696_DX_CN_MCI,E5_FS8_THICKNESS_ATLAS_SENSITIVITY,,,1.0,,,
E5_FS8_THICKNESS_ATLAS_SENSITIVITY_057_AIBL_BASELINE_FS8_THICKNESS_KONG200_17_TO_AIBL_BASELINE_FS8_THICKNESS_YALE696_MMSE,E5_FS8_THICKNESS_ATLAS_SENSITIVITY,,,1.0,,,
E5_FS8_THICKNESS_ATLAS_SENSITIVITY_058_AIBL_BASELINE_FS8_THICKNESS_KONG200_17_TO_AIBL_BASELINE_FS8_THICKNESS_YALE696_AGE,E5_FS8_THICKNESS_ATLAS_SENSITIVITY,,,1.0,,,
E5_FS8_THICKNESS_ATLAS_SENSITIVITY_059_OASIS1_BASELINE_FS8_THICKNESS_SCHAEFER200_7_TO_OASIS1_BASELINE_FS8_THICKNESS_KONG200_17_CDR,E5_FS8_THICKNESS_ATLAS_SENSITIVITY,,,1.0,,,
E5_FS8_THICKNESS_ATLAS_SENSITIVITY_060_OASIS1_BASELINE_FS8_THICKNESS_SCHAEFER200_7_TO_OASIS1_BASELINE_FS8_THICKNESS_KONG200_17_MMSE,E5_FS8_THICKNESS_ATLAS_SENSITIVITY,,,1.0,,,
E5_FS8_THICKNESS_ATLAS_SENSITIVITY_061_OASIS1_BASELINE_FS8_THICKNESS_SCHAEFER200_7_TO_OASIS1_BASELINE_FS8_THICKNESS_KONG200_17_AGE,E5_FS8_THICKNESS_ATLAS_SENSITIVITY,,,1.0,,,
E5_FS8_THICKNESS_ATLAS_SENSITIVITY_062_OASIS1_BASELINE_FS8_THICKNESS_SCHAEFER200_7_TO_OASIS1_BASELINE_FS8_THICKNESS_YALE696_CDR,E5_FS8_THICKNESS_ATLAS_SENSITIVITY,,,1.0,,,
E5_FS8_THICKNESS_ATLAS_SENSITIVITY_063_OASIS1_BASELINE_FS8_THICKNESS_SCHAEFER200_7_TO_OASIS1_BASELINE_FS8_THICKNESS_YALE696_MMSE,E5_FS8_THICKNESS_ATLAS_SENSITIVITY,,,1.0,,,
E5_FS8_THICKNESS_ATLAS_SENSITIVITY_064_OASIS1_BASELINE_FS8_THICKNESS_SCHAEFER200_7_TO_OASIS1_BASELINE_FS8_THICKNESS_YALE696_AGE,E5_FS8_THICKNESS_ATLAS_SENSITIVITY,,,1.0,,,
E5_FS8_THICKNESS_ATLAS_SENSITIVITY_065_OASIS1_BASELINE_FS8_THICKNESS_KONG200_17_TO_OASIS1_BASELINE_FS8_THICKNESS_YALE696_CDR,E5_FS8_THICKNESS_ATLAS_SENSITIVITY,,,1.0,,,
E5_FS8_THICKNESS_ATLAS_SENSITIVITY_066_OASIS1_BASELINE_FS8_THICKNESS_KONG200_17_TO_OASIS1_BASELINE_FS8_THICKNESS_YALE696_MMSE,E5_FS8_THICKNESS_ATLAS_SENSITIVITY,,,1.0,,,
E5_FS8_THICKNESS_ATLAS_SENSITIVITY_067_OASIS1_BASELINE_FS8_THICKNESS_KONG200_17_TO_OASIS1_BASELINE_FS8_THICKNESS_YALE696_AGE,E5_FS8_THICKNESS_ATLAS_SENSITIVITY,,,1.0,,,
E6_FS8_VOLUME_VS_THICKNESS_SENSITIVITY_068_ADNI_BASELINE_FS8_CORTICAL_VOLUME_TO_ADNI_BASELINE_FS8_THICKNESS_SCHAEFER200_7_DX_CN_AD,E6_FS8_VOLUME_VS_THICKNESS_SENSITIVITY,,,1.0,,,
E6_FS8_VOLUME_VS_THICKNESS_SENSITIVITY_069_ADNI_BASELINE_FS8_CORTICAL_VOLUME_TO_ADNI_BASELINE_FS8_THICKNESS_SCHAEFER200_7_DX_CN_MCI,E6_FS8_VOLUME_VS_THICKNESS_SENSITIVITY,,,1.0,,,
E6_FS8_VOLUME_VS_THICKNESS_SENSITIVITY_070_ADNI_BASELINE_FS8_CORTICAL_VOLUME_TO_ADNI_BASELINE_FS8_THICKNESS_SCHAEFER200_7_MMSE,E6_FS8_VOLUME_VS_THICKNESS_SENSITIVITY,,,1.0,,,
E6_FS8_VOLUME_VS_THICKNESS_SENSITIVITY_071_ADNI_BASELINE_FS8_CORTICAL_VOLUME_TO_ADNI_BASELINE_FS8_THICKNESS_SCHAEFER200_7_AGE,E6_FS8_VOLUME_VS_THICKNESS_SENSITIVITY,,,1.0,,,
E6_FS8_VOLUME_VS_THICKNESS_SENSITIVITY_072_ADNI_BASELINE_FS8_SUBCORTICAL_VOLUME_TO_ADNI_BASELINE_FS8_THICKNESS_SCHAEFER200_7_DX_CN_AD,E6_FS8_VOLUME_VS_THICKNESS_SENSITIVITY,,,,,,
E6_FS8_VOLUME_VS_THICKNESS_SENSITIVITY_073_ADNI_BASELINE_FS8_SUBCORTICAL_VOLUME_TO_ADNI_BASELINE_FS8_THICKNESS_SCHAEFER200_7_DX_CN_MCI,E6_FS8_VOLUME_VS_THICKNESS_SENSITIVITY,,,,,,
E6_FS8_VOLUME_VS_THICKNESS_SENSITIVITY_074_ADNI_BASELINE_FS8_SUBCORTICAL_VOLUME_TO_ADNI_BASELINE_FS8_THICKNESS_SCHAEFER200_7_MMSE,E6_FS8_VOLUME_VS_THICKNESS_SENSITIVITY,,,,,,
E6_FS8_VOLUME_VS_THICKNESS_SENSITIVITY_075_ADNI_BASELINE_FS8_SUBCORTICAL_VOLUME_TO_ADNI_BASELINE_FS8_THICKNESS_SCHAEFER200_7_AGE,E6_FS8_VOLUME_VS_THICKNESS_SENSITIVITY,,,,,,
E6_FS8_VOLUME_VS_THICKNESS_SENSITIVITY_076_AIBL_BASELINE_FS8_CORTICAL_VOLUME_TO_AIBL_BASELINE_FS8_THICKNESS_SCHAEFER200_7_DX_CN_AD,E6_FS8_VOLUME_VS_THICKNESS_SENSITIVITY,,,1.0,,,
E6_FS8_VOLUME_VS_THICKNESS_SENSITIVITY_077_AIBL_BASELINE_FS8_CORTICAL_VOLUME_TO_AIBL_BASELINE_FS8_THICKNESS_SCHAEFER200_7_DX_CN_MCI,E6_FS8_VOLUME_VS_THICKNESS_SENSITIVITY,,,1.0,,,
E6_FS8_VOLUME_VS_THICKNESS_SENSITIVITY_078_AIBL_BASELINE_FS8_CORTICAL_VOLUME_TO_AIBL_BASELINE_FS8_THICKNESS_SCHAEFER200_7_MMSE,E6_FS8_VOLUME_VS_THICKNESS_SENSITIVITY,,,1.0,,,
E6_FS8_VOLUME_VS_THICKNESS_SENSITIVITY_079_AIBL_BASELINE_FS8_CORTICAL_VOLUME_TO_AIBL_BASELINE_FS8_THICKNESS_SCHAEFER200_7_AGE,E6_FS8_VOLUME_VS_THICKNESS_SENSITIVITY,,,1.0,,,
E6_FS8_VOLUME_VS_THICKNESS_SENSITIVITY_080_AIBL_BASELINE_FS8_SUBCORTICAL_VOLUME_TO_AIBL_BASELINE_FS8_THICKNESS_SCHAEFER200_7_DX_CN_AD,E6_FS8_VOLUME_VS_THICKNESS_SENSITIVITY,,,,,,
E6_FS8_VOLUME_VS_THICKNESS_SENSITIVITY_081_AIBL_BASELINE_FS8_SUBCORTICAL_VOLUME_TO_AIBL_BASELINE_FS8_THICKNESS_SCHAEFER200_7_DX_CN_MCI,E6_FS8_VOLUME_VS_THICKNESS_SENSITIVITY,,,,,,
E6_FS8_VOLUME_VS_THICKNESS_SENSITIVITY_082_AIBL_BASELINE_FS8_SUBCORTICAL_VOLUME_TO_AIBL_BASELINE_FS8_THICKNESS_SCHAEFER200_7_MMSE,E6_FS8_VOLUME_VS_THICKNESS_SENSITIVITY,,,,,,
E6_FS8_VOLUME_VS_THICKNESS_SENSITIVITY_083_AIBL_BASELINE_FS8_SUBCORTICAL_VOLUME_TO_AIBL_BASELINE_FS8_THICKNESS_SCHAEFER200_7_AGE,E6_FS8_VOLUME_VS_THICKNESS_SENSITIVITY,,,,,,
E6_FS8_VOLUME_VS_THICKNESS_SENSITIVITY_084_OASIS1_BASELINE_FS8_CORTICAL_VOLUME_TO_OASIS1_BASELINE_FS8_THICKNESS_SCHAEFER200_7_CDR,E6_FS8_VOLUME_VS_THICKNESS_SENSITIVITY,,,1.0,,,
E6_FS8_VOLUME_VS_THICKNESS_SENSITIVITY_085_OASIS1_BASELINE_FS8_CORTICAL_VOLUME_TO_OASIS1_BASELINE_FS8_THICKNESS_SCHAEFER200_7_MMSE,E6_FS8_VOLUME_VS_THICKNESS_SENSITIVITY,,,1.0,,,
E6_FS8_VOLUME_VS_THICKNESS_SENSITIVITY_086_OASIS1_BASELINE_FS8_CORTICAL_VOLUME_TO_OASIS1_BASELINE_FS8_THICKNESS_SCHAEFER200_7_AGE,E6_FS8_VOLUME_VS_THICKNESS_SENSITIVITY,,,1.0,,,
E6_FS8_VOLUME_VS_THICKNESS_SENSITIVITY_087_OASIS1_BASELINE_FS8_SUBCORTICAL_VOLUME_TO_OASIS1_BASELINE_FS8_THICKNESS_SCHAEFER200_7_CDR,E6_FS8_VOLUME_VS_THICKNESS_SENSITIVITY,,,,,,
E6_FS8_VOLUME_VS_THICKNESS_SENSITIVITY_088_OASIS1_BASELINE_FS8_SUBCORTICAL_VOLUME_TO_OASIS1_BASELINE_FS8_THICKNESS_SCHAEFER200_7_MMSE,E6_FS8_VOLUME_VS_THICKNESS_SENSITIVITY,,,,,,
E6_FS8_VOLUME_VS_THICKNESS_SENSITIVITY_089_OASIS1_BASELINE_FS8_SUBCORTICAL_VOLUME_TO_OASIS1_BASELINE_FS8_THICKNESS_SCHAEFER200_7_AGE,E6_FS8_VOLUME_VS_THICKNESS_SENSITIVITY,,,,,,
