pair_id,experiment_id,n,n_positive,n_negative,auc_raw,auc_oriented,cohens_d,point_biserial_corr,spearman_corr,pearson_corr,slope_simple,error
E1_ADNI_TO_AIBL_VOLUME_TRANSFER_001_ADNI_BASELINE_FS8_CORTICAL_VOLUME_TO_AIBL_BASELINE_FS8_CORTICAL_VOLUME_DX_CN_AD,E1_ADNI_TO_AIBL_VOLUME_TRANSFER,1104.0,157.0,947.0,0.7794241284915825,0.7794241284915825,0.9012354494343274,0.30049515904972796,,,,
E1_ADNI_TO_AIBL_VOLUME_TRANSFER_002_ADNI_BASELINE_FS8_CORTICAL_VOLUME_TO_AIBL_BASELINE_FS8_CORTICAL_VOLUME_DX_CN_MCI,E1_ADNI_TO_AIBL_VOLUME_TRANSFER,1131.0,184.0,947.0,0.5643048987649787,0.5643048987649787,0.18915443109498062,0.06970509132539857,,,,
E1_ADNI_TO_AIBL_VOLUME_TRANSFER_003_ADNI_BASELINE_FS8_CORTICAL_VOLUME_TO_AIBL_BASELINE_FS8_CORTICAL_VOLUME_MMSE,E1_ADNI_TO_AIBL_VOLUME_TRANSFER,1291.0,,,,,,,0.2978303970666699,0.30836508994403755,0.21954464737887783,
E1_ADNI_TO_AIBL_VOLUME_TRANSFER_004_ADNI_BASELINE_FS8_CORTICAL_VOLUME_TO_AIBL_BASELINE_FS8_CORTICAL_VOLUME_AGE,E1_ADNI_TO_AIBL_VOLUME_TRANSFER,1298.0,,,,,,,0.21258633303767646,0.08227123770315997,0.09952492776938421,
E1_ADNI_TO_AIBL_VOLUME_TRANSFER_005_ADNI_BASELINE_FS8_SUBCORTICAL_VOLUME_TO_AIBL_BASELINE_FS8_SUBCORTICAL_VOLUME_DX_CN_AD,E1_ADNI_TO_AIBL_VOLUME_TRANSFER,1104.0,157.0,947.0,0.8837495544091634,0.8837495544091634,1.5063557243640822,0.46594012760911147,,,,
E1_ADNI_TO_AIBL_VOLUME_TRANSFER_006_ADNI_BASELINE_FS8_SUBCORTICAL_VOLUME_TO_AIBL_BASELINE_FS8_SUBCORTICAL_VOLUME_DX_CN_MCI,E1_ADNI_TO_AIBL_VOLUME_TRANSFER,1131.0,184.0,947.0,0.6571208851751527,0.6571208851751527,0.4916637707289187,0.17870073127101138,,,,
E1_ADNI_TO_AIBL_VOLUME_TRANSFER_007_ADNI_BASELINE_FS8_SUBCORTICAL_VOLUME_TO_AIBL_BASELINE_FS8_SUBCORTICAL_VOLUME_MMSE,E1_ADNI_TO_AIBL_VOLUME_TRANSFER,1291.0,,,,,,,0.4054304056271311,0.3824186942389629,0.393381894399518,
E1_ADNI_TO_AIBL_VOLUME_TRANSFER_008_ADNI_BASELINE_FS8_SUBCORTICAL_VOLUME_TO_AIBL_BASELINE_FS8_SUBCORTICAL_VOLUME_AGE,E1_ADNI_TO_AIBL_VOLUME_TRANSFER,1298.0,,,,,,,0.4400297081046349,0.29431445087101066,0.5434063234435663,
E2_ADNI_TO_OASIS_VOLUME_TRANSFER_009_ADNI_BASELINE_FS8_CORTICAL_VOLUME_TO_OASIS1_BASELINE_FS8_CORTICAL_VOLUME_MMSE,E2_ADNI_TO_OASIS_VOLUME_TRANSFER,235.0,,,,,,,0.39256685492174803,0.41016231933364633,0.36260822183045177,
E2_ADNI_TO_OASIS_VOLUME_TRANSFER_010_ADNI_BASELINE_FS8_CORTICAL_VOLUME_TO_OASIS1_BASELINE_FS8_CORTICAL_VOLUME_AGE,E2_ADNI_TO_OASIS_VOLUME_TRANSFER,436.0,,,,,,,0.7692865955465649,0.7703462074548169,3.1069505011137757,
E2_ADNI_TO_OASIS_VOLUME_TRANSFER_011_ADNI_BASELINE_FS8_CORTICAL_VOLUME_TO_OASIS1_BASELINE_FS8_CORTICAL_VOLUME_AD_TO_CDR,E2_ADNI_TO_OASIS_VOLUME_TRANSFER,235.0,100.0,135.0,0.6854814814814815,0.6854814814814815,0.6946399663497146,0.3260663336776769,,,,
E2_ADNI_TO_OASIS_VOLUME_TRANSFER_012_ADNI_BASELINE_FS8_SUBCORTICAL_VOLUME_TO_OASIS1_BASELINE_FS8_SUBCORTICAL_VOLUME_MMSE,E2_ADNI_TO_OASIS_VOLUME_TRANSFER,235.0,,,,,,,0.4980881652530853,0.4860088775921353,0.5274337971896607,
E2_ADNI_TO_OASIS_VOLUME_TRANSFER_013_ADNI_BASELINE_FS8_SUBCORTICAL_VOLUME_TO_OASIS1_BASELINE_FS8_SUBCORTICAL_VOLUME_AGE,E2_ADNI_TO_OASIS_VOLUME_TRANSFER,436.0,,,,,,,0.8120652147517923,0.8068128874727901,4.747850721552187,
E2_ADNI_TO_OASIS_VOLUME_TRANSFER_014_ADNI_BASELINE_FS8_SUBCORTICAL_VOLUME_TO_OASIS1_BASELINE_FS8_SUBCORTICAL_VOLUME_AD_TO_CDR,E2_ADNI_TO_OASIS_VOLUME_TRANSFER,235.0,100.0,135.0,0.7974074074074075,0.7974074074074075,1.1511132113387328,0.49623460283032417,,,,
E3_FS8_VS_SPM_THICKNESS_DRIFT_015_ADNI_SPM_MATCHED_FS8_THICKNESS_SCHAEFER200_7_TO_ADNI_SPM_MATCHED_SPM_THICKNESS_SCHAEFER200_7_DX_CN_AD,E3_FS8_VS_SPM_THICKNESS_DRIFT,1554.0,686.0,868.0,0.8132431379398369,0.8132431379398369,1.2363024124493873,0.523422354905963,,,,
E3_FS8_VS_SPM_THICKNESS_DRIFT_016_ADNI_SPM_MATCHED_FS8_THICKNESS_SCHAEFER200_7_TO_ADNI_SPM_MATCHED_SPM_THICKNESS_SCHAEFER200_7_DX_CN_MCI,E3_FS8_VS_SPM_THICKNESS_DRIFT,2203.0,1335.0,868.0,0.594307806486132,0.594307806486132,0.3323717775329453,0.1603795182765649,,,,
E3_FS8_VS_SPM_THICKNESS_DRIFT_017_ADNI_SPM_MATCHED_FS8_THICKNESS_SCHAEFER200_7_TO_ADNI_SPM_MATCHED_SPM_THICKNESS_SCHAEFER200_7_MMSE,E3_FS8_VS_SPM_THICKNESS_DRIFT,2892.0,,,,,,,0.4319838449947505,0.4562829141094333,0.1941289870460764,
E3_FS8_VS_SPM_THICKNESS_DRIFT_018_ADNI_SPM_MATCHED_FS8_THICKNESS_SCHAEFER200_7_TO_ADNI_SPM_MATCHED_SPM_THICKNESS_SCHAEFER200_7_AGE,E3_FS8_VS_SPM_THICKNESS_DRIFT,2892.0,,,,,,,0.29422116910184826,0.26924231185127867,0.21621307730726194,
E3_FS8_VS_SPM_THICKNESS_DRIFT_019_ADNI_SPM_MATCHED_FS8_THICKNESS_SCHAEFER200_7_TO_ADNI_SPM_MATCHED_SPM_THICKNESS_SCHAEFER200_17_DX_CN_AD,E3_FS8_VS_SPM_THICKNESS_DRIFT,,,,,,,,,,,claim-score transfer requires exact matched target feature columns
E3_FS8_VS_SPM_THICKNESS_DRIFT_020_ADNI_SPM_MATCHED_FS8_THICKNESS_SCHAEFER200_7_TO_ADNI_SPM_MATCHED_SPM_THICKNESS_SCHAEFER200_17_DX_CN_MCI,E3_FS8_VS_SPM_THICKNESS_DRIFT,,,,,,,,,,,claim-score transfer requires exact matched target feature columns
E3_FS8_VS_SPM_THICKNESS_DRIFT_021_ADNI_SPM_MATCHED_FS8_THICKNESS_SCHAEFER200_7_TO_ADNI_SPM_MATCHED_SPM_THICKNESS_SCHAEFER200_17_MMSE,E3_FS8_VS_SPM_THICKNESS_DRIFT,,,,,,,,,,,claim-score transfer requires exact matched target feature columns
E3_FS8_VS_SPM_THICKNESS_DRIFT_022_ADNI_SPM_MATCHED_FS8_THICKNESS_SCHAEFER200_7_TO_ADNI_SPM_MATCHED_SPM_THICKNESS_SCHAEFER200_17_AGE,E3_FS8_VS_SPM_THICKNESS_DRIFT,,,,,,,,,,,claim-score transfer requires exact matched target feature columns
E3_FS8_VS_SPM_THICKNESS_DRIFT_023_ADNI_SPM_MATCHED_SPM_THICKNESS_SCHAEFER200_7_TO_ADNI_SPM_MATCHED_SPM_THICKNESS_SCHAEFER200_17_DX_CN_AD,E3_FS8_VS_SPM_THICKNESS_DRIFT,,,,,,,,,,,claim-score transfer requires exact matched target feature columns
E3_FS8_VS_SPM_THICKNESS_DRIFT_024_ADNI_SPM_MATCHED_SPM_THICKNESS_SCHAEFER200_7_TO_ADNI_SPM_MATCHED_SPM_THICKNESS_SCHAEFER200_17_DX_CN_MCI,E3_FS8_VS_SPM_THICKNESS_DRIFT,,,,,,,,,,,claim-score transfer requires exact matched target feature columns
E3_FS8_VS_SPM_THICKNESS_DRIFT_025_ADNI_SPM_MATCHED_SPM_THICKNESS_SCHAEFER200_7_TO_ADNI_SPM_MATCHED_SPM_THICKNESS_SCHAEFER200_17_MMSE,E3_FS8_VS_SPM_THICKNESS_DRIFT,,,,,,,,,,,claim-score transfer requires exact matched target feature columns
E3_FS8_VS_SPM_THICKNESS_DRIFT_026_ADNI_SPM_MATCHED_SPM_THICKNESS_SCHAEFER200_7_TO_ADNI_SPM_MATCHED_SPM_THICKNESS_SCHAEFER200_17_AGE,E3_FS8_VS_SPM_THICKNESS_DRIFT,,,,,,,,,,,claim-score transfer requires exact matched target feature columns
E4_FS8_VS_FASTSURFER_VOLUME_DRIFT_027_ADNI_BASELINE_FS8_CORTICAL_VOLUME_TO_ADNI_BASELINE_FASTSURFER_CORTICAL_VOLUME_DX_CN_AD,E4_FS8_VS_FASTSURFER_VOLUME_DRIFT,1132.0,375.0,757.0,0.43586085424922943,0.5641391457507705,-0.3407615082760703,-0.15849910446146398,,,,
E4_FS8_VS_FASTSURFER_VOLUME_DRIFT_028_ADNI_BASELINE_FS8_CORTICAL_VOLUME_TO_ADNI_BASELINE_FASTSURFER_CORTICAL_VOLUME_DX_CN_MCI,E4_FS8_VS_FASTSURFER_VOLUME_DRIFT,1589.0,832.0,757.0,0.4327574052433696,0.5672425947566304,-0.30638021670779675,-0.15135186434372386,,,,
E4_FS8_VS_FASTSURFER_VOLUME_DRIFT_029_ADNI_BASELINE_FS8_CORTICAL_VOLUME_TO_ADNI_BASELINE_FASTSURFER_CORTICAL_VOLUME_MMSE,E4_FS8_VS_FASTSURFER_VOLUME_DRIFT,2000.0,,,,,,,-0.1332040953584957,-0.08079330203675027,-0.03871155319878503,
E4_FS8_VS_FASTSURFER_VOLUME_DRIFT_030_ADNI_BASELINE_FS8_CORTICAL_VOLUME_TO_ADNI_BASELINE_FASTSURFER_CORTICAL_VOLUME_AGE,E4_FS8_VS_FASTSURFER_VOLUME_DRIFT,2173.0,,,,,,,-0.16888006926803684,-0.18104058720331564,-0.17853024923478575,
E4_FS8_VS_FASTSURFER_VOLUME_DRIFT_031_ADNI_BASELINE_FS8_SUBCORTICAL_VOLUME_TO_ADNI_BASELINE_FASTSURFER_SUBCORTICAL_VOLUME_DX_CN_AD,E4_FS8_VS_FASTSURFER_VOLUME_DRIFT,1132.0,375.0,757.0,0.45200528401585205,0.547994715984148,-0.11036193190142507,-0.051919952029240886,,,,
E4_FS8_VS_FASTSURFER_VOLUME_DRIFT_032_ADNI_BASELINE_FS8_SUBCORTICAL_VOLUME_TO_ADNI_BASELINE_FASTSURFER_SUBCORTICAL_VOLUME_DX_CN_MCI,E4_FS8_VS_FASTSURFER_VOLUME_DRIFT,1589.0,832.0,757.0,0.44241883446804187,0.5575811655319581,-0.23582606475162632,-0.11704573058791261,,,,
E4_FS8_VS_FASTSURFER_VOLUME_DRIFT_033_ADNI_BASELINE_FS8_SUBCORTICAL_VOLUME_TO_ADNI_BASELINE_FASTSURFER_SUBCORTICAL_VOLUME_MMSE,E4_FS8_VS_FASTSURFER_VOLUME_DRIFT,2000.0,,,,,,,-0.11282052679432672,-0.031529119210931045,-0.036609097143867814,
E4_FS8_VS_FASTSURFER_VOLUME_DRIFT_034_ADNI_BASELINE_FS8_SUBCORTICAL_VOLUME_TO_ADNI_BASELINE_FASTSURFER_SUBCORTICAL_VOLUME_AGE,E4_FS8_VS_FASTSURFER_VOLUME_DRIFT,2173.0,,,,,,,-0.14056187813567522,-0.11418143106336243,-0.2958742209346655,
E5_FS8_THICKNESS_ATLAS_SENSITIVITY_035_ADNI_BASELINE_FS8_THICKNESS_SCHAEFER200_7_TO_ADNI_BASELINE_FS8_THICKNESS_KONG200_17_DX_CN_AD,E5_FS8_THICKNESS_ATLAS_SENSITIVITY,,,,,,,,,,,claim-score transfer requires exact matched target feature columns
E5_FS8_THICKNESS_ATLAS_SENSITIVITY_036_ADNI_BASELINE_FS8_THICKNESS_SCHAEFER200_7_TO_ADNI_BASELINE_FS8_THICKNESS_KONG200_17_DX_CN_MCI,E5_FS8_THICKNESS_ATLAS_SENSITIVITY,,,,,,,,,,,claim-score transfer requires exact matched target feature columns
E5_FS8_THICKNESS_ATLAS_SENSITIVITY_037_ADNI_BASELINE_FS8_THICKNESS_SCHAEFER200_7_TO_ADNI_BASELINE_FS8_THICKNESS_KONG200_17_MMSE,E5_FS8_THICKNESS_ATLAS_SENSITIVITY,,,,,,,,,,,claim-score transfer requires exact matched target feature columns
E5_FS8_THICKNESS_ATLAS_SENSITIVITY_038_ADNI_BASELINE_FS8_THICKNESS_SCHAEFER200_7_TO_ADNI_BASELINE_FS8_THICKNESS_KONG200_17_AGE,E5_FS8_THICKNESS_ATLAS_SENSITIVITY,,,,,,,,,,,claim-score transfer requires exact matched target feature columns
E5_FS8_THICKNESS_ATLAS_SENSITIVITY_039_ADNI_BASELINE_FS8_THICKNESS_SCHAEFER200_7_TO_ADNI_BASELINE_FS8_THICKNESS_YALE696_DX_CN_AD,E5_FS8_THICKNESS_ATLAS_SENSITIVITY,,,,,,,,,,,claim-score transfer requires exact matched target feature columns
E5_FS8_THICKNESS_ATLAS_SENSITIVITY_040_ADNI_BASELINE_FS8_THICKNESS_SCHAEFER200_7_TO_ADNI_BASELINE_FS8_THICKNESS_YALE696_DX_CN_MCI,E5_FS8_THICKNESS_ATLAS_SENSITIVITY,,,,,,,,,,,claim-score transfer requires exact matched target feature columns
E5_FS8_THICKNESS_ATLAS_SENSITIVITY_041_ADNI_BASELINE_FS8_THICKNESS_SCHAEFER200_7_TO_ADNI_BASELINE_FS8_THICKNESS_YALE696_MMSE,E5_FS8_THICKNESS_ATLAS_SENSITIVITY,,,,,,,,,,,claim-score transfer requires exact matched target feature columns
E5_FS8_THICKNESS_ATLAS_SENSITIVITY_042_ADNI_BASELINE_FS8_THICKNESS_SCHAEFER200_7_TO_ADNI_BASELINE_FS8_THICKNESS_YALE696_AGE,E5_FS8_THICKNESS_ATLAS_SENSITIVITY,,,,,,,,,,,claim-score transfer requires exact matched target feature columns
E5_FS8_THICKNESS_ATLAS_SENSITIVITY_043_ADNI_BASELINE_FS8_THICKNESS_KONG200_17_TO_ADNI_BASELINE_FS8_THICKNESS_YALE696_DX_CN_AD,E5_FS8_THICKNESS_ATLAS_SENSITIVITY,,,,,,,,,,,claim-score transfer requires exact matched target feature columns
E5_FS8_THICKNESS_ATLAS_SENSITIVITY_044_ADNI_BASELINE_FS8_THICKNESS_KONG200_17_TO_ADNI_BASELINE_FS8_THICKNESS_YALE696_DX_CN_MCI,E5_FS8_THICKNESS_ATLAS_SENSITIVITY,,,,,,,,,,,claim-score transfer requires exact matched target feature columns
E5_FS8_THICKNESS_ATLAS_SENSITIVITY_045_ADNI_BASELINE_FS8_THICKNESS_KONG200_17_TO_ADNI_BASELINE_FS8_THICKNESS_YALE696_MMSE,E5_FS8_THICKNESS_ATLAS_SENSITIVITY,,,,,,,,,,,claim-score transfer requires exact matched target feature columns
E5_FS8_THICKNESS_ATLAS_SENSITIVITY_046_ADNI_BASELINE_FS8_THICKNESS_KONG200_17_TO_ADNI_BASELINE_FS8_THICKNESS_YALE696_AGE,E5_FS8_THICKNESS_ATLAS_SENSITIVITY,,,,,,,,,,,claim-score transfer requires exact matched target feature columns
E5_FS8_THICKNESS_ATLAS_SENSITIVITY_047_AIBL_BASELINE_FS8_THICKNESS_SCHAEFER200_7_TO_AIBL_BASELINE_FS8_THICKNESS_KONG200_17_DX_CN_AD,E5_FS8_THICKNESS_ATLAS_SENSITIVITY,,,,,,,,,,,claim-score transfer requires exact matched target feature columns
E5_FS8_THICKNESS_ATLAS_SENSITIVITY_048_AIBL_BASELINE_FS8_THICKNESS_SCHAEFER200_7_TO_AIBL_BASELINE_FS8_THICKNESS_KONG200_17_DX_CN_MCI,E5_FS8_THICKNESS_ATLAS_SENSITIVITY,,,,,,,,,,,claim-score transfer requires exact matched target feature columns
E5_FS8_THICKNESS_ATLAS_SENSITIVITY_049_AIBL_BASELINE_FS8_THICKNESS_SCHAEFER200_7_TO_AIBL_BASELINE_FS8_THICKNESS_KONG200_17_MMSE,E5_FS8_THICKNESS_ATLAS_SENSITIVITY,,,,,,,,,,,claim-score transfer requires exact matched target feature columns
E5_FS8_THICKNESS_ATLAS_SENSITIVITY_050_AIBL_BASELINE_FS8_THICKNESS_SCHAEFER200_7_TO_AIBL_BASELINE_FS8_THICKNESS_KONG200_17_AGE,E5_FS8_THICKNESS_ATLAS_SENSITIVITY,,,,,,,,,,,claim-score transfer requires exact matched target feature columns
E5_FS8_THICKNESS_ATLAS_SENSITIVITY_051_AIBL_BASELINE_FS8_THICKNESS_SCHAEFER200_7_TO_AIBL_BASELINE_FS8_THICKNESS_YALE696_DX_CN_AD,E5_FS8_THICKNESS_ATLAS_SENSITIVITY,,,,,,,,,,,claim-score transfer requires exact matched target feature columns
E5_FS8_THICKNESS_ATLAS_SENSITIVITY_052_AIBL_BASELINE_FS8_THICKNESS_SCHAEFER200_7_TO_AIBL_BASELINE_FS8_THICKNESS_YALE696_DX_CN_MCI,E5_FS8_THICKNESS_ATLAS_SENSITIVITY,,,,,,,,,,,claim-score transfer requires exact matched target feature columns
E5_FS8_THICKNESS_ATLAS_SENSITIVITY_053_AIBL_BASELINE_FS8_THICKNESS_SCHAEFER200_7_TO_AIBL_BASELINE_FS8_THICKNESS_YALE696_MMSE,E5_FS8_THICKNESS_ATLAS_SENSITIVITY,,,,,,,,,,,claim-score transfer requires exact matched target feature columns
E5_FS8_THICKNESS_ATLAS_SENSITIVITY_054_AIBL_BASELINE_FS8_THICKNESS_SCHAEFER200_7_TO_AIBL_BASELINE_FS8_THICKNESS_YALE696_AGE,E5_FS8_THICKNESS_ATLAS_SENSITIVITY,,,,,,,,,,,claim-score transfer requires exact matched target feature columns
E5_FS8_THICKNESS_ATLAS_SENSITIVITY_055_AIBL_BASELINE_FS8_THICKNESS_KONG200_17_TO_AIBL_BASELINE_FS8_THICKNESS_YALE696_DX_CN_AD,E5_FS8_THICKNESS_ATLAS_SENSITIVITY,,,,,,,,,,,claim-score transfer requires exact matched target feature columns
E5_FS8_THICKNESS_ATLAS_SENSITIVITY_056_AIBL_BASELINE_FS8_THICKNESS_KONG200_17_TO_AIBL_BASELINE_FS8_THICKNESS_YALE696_DX_CN_MCI,E5_FS8_THICKNESS_ATLAS_SENSITIVITY,,,,,,,,,,,claim-score transfer requires exact matched target feature columns
E5_FS8_THICKNESS_ATLAS_SENSITIVITY_057_AIBL_BASELINE_FS8_THICKNESS_KONG200_17_TO_AIBL_BASELINE_FS8_THICKNESS_YALE696_MMSE,E5_FS8_THICKNESS_ATLAS_SENSITIVITY,,,,,,,,,,,claim-score transfer requires exact matched target feature columns
E5_FS8_THICKNESS_ATLAS_SENSITIVITY_058_AIBL_BASELINE_FS8_THICKNESS_KONG200_17_TO_AIBL_BASELINE_FS8_THICKNESS_YALE696_AGE,E5_FS8_THICKNESS_ATLAS_SENSITIVITY,,,,,,,,,,,claim-score transfer requires exact matched target feature columns
E5_FS8_THICKNESS_ATLAS_SENSITIVITY_059_OASIS1_BASELINE_FS8_THICKNESS_SCHAEFER200_7_TO_OASIS1_BASELINE_FS8_THICKNESS_KONG200_17_CDR,E5_FS8_THICKNESS_ATLAS_SENSITIVITY,,,,,,,,,,,claim-score transfer requires exact matched target feature columns
E5_FS8_THICKNESS_ATLAS_SENSITIVITY_060_OASIS1_BASELINE_FS8_THICKNESS_SCHAEFER200_7_TO_OASIS1_BASELINE_FS8_THICKNESS_KONG200_17_MMSE,E5_FS8_THICKNESS_ATLAS_SENSITIVITY,,,,,,,,,,,claim-score transfer requires exact matched target feature columns
E5_FS8_THICKNESS_ATLAS_SENSITIVITY_061_OASIS1_BASELINE_FS8_THICKNESS_SCHAEFER200_7_TO_OASIS1_BASELINE_FS8_THICKNESS_KONG200_17_AGE,E5_FS8_THICKNESS_ATLAS_SENSITIVITY,,,,,,,,,,,claim-score transfer requires exact matched target feature columns
E5_FS8_THICKNESS_ATLAS_SENSITIVITY_062_OASIS1_BASELINE_FS8_THICKNESS_SCHAEFER200_7_TO_OASIS1_BASELINE_FS8_THICKNESS_YALE696_CDR,E5_FS8_THICKNESS_ATLAS_SENSITIVITY,,,,,,,,,,,claim-score transfer requires exact matched target feature columns
E5_FS8_THICKNESS_ATLAS_SENSITIVITY_063_OASIS1_BASELINE_FS8_THICKNESS_SCHAEFER200_7_TO_OASIS1_BASELINE_FS8_THICKNESS_YALE696_MMSE,E5_FS8_THICKNESS_ATLAS_SENSITIVITY,,,,,,,,,,,claim-score transfer requires exact matched target feature columns
E5_FS8_THICKNESS_ATLAS_SENSITIVITY_064_OASIS1_BASELINE_FS8_THICKNESS_SCHAEFER200_7_TO_OASIS1_BASELINE_FS8_THICKNESS_YALE696_AGE,E5_FS8_THICKNESS_ATLAS_SENSITIVITY,,,,,,,,,,,claim-score transfer requires exact matched target feature columns
E5_FS8_THICKNESS_ATLAS_SENSITIVITY_065_OASIS1_BASELINE_FS8_THICKNESS_KONG200_17_TO_OASIS1_BASELINE_FS8_THICKNESS_YALE696_CDR,E5_FS8_THICKNESS_ATLAS_SENSITIVITY,,,,,,,,,,,claim-score transfer requires exact matched target feature columns
E5_FS8_THICKNESS_ATLAS_SENSITIVITY_066_OASIS1_BASELINE_FS8_THICKNESS_KONG200_17_TO_OASIS1_BASELINE_FS8_THICKNESS_YALE696_MMSE,E5_FS8_THICKNESS_ATLAS_SENSITIVITY,,,,,,,,,,,claim-score transfer requires exact matched target feature columns
E5_FS8_THICKNESS_ATLAS_SENSITIVITY_067_OASIS1_BASELINE_FS8_THICKNESS_KONG200_17_TO_OASIS1_BASELINE_FS8_THICKNESS_YALE696_AGE,E5_FS8_THICKNESS_ATLAS_SENSITIVITY,,,,,,,,,,,claim-score transfer requires exact matched target feature columns
E6_FS8_VOLUME_VS_THICKNESS_SENSITIVITY_068_ADNI_BASELINE_FS8_CORTICAL_VOLUME_TO_ADNI_BASELINE_FS8_THICKNESS_SCHAEFER200_7_DX_CN_AD,E6_FS8_VOLUME_VS_THICKNESS_SENSITIVITY,,,,,,,,,,,claim-score transfer requires exact matched target feature columns
E6_FS8_VOLUME_VS_THICKNESS_SENSITIVITY_069_ADNI_BASELINE_FS8_CORTICAL_VOLUME_TO_ADNI_BASELINE_FS8_THICKNESS_SCHAEFER200_7_DX_CN_MCI,E6_FS8_VOLUME_VS_THICKNESS_SENSITIVITY,,,,,,,,,,,claim-score transfer requires exact matched target feature columns
E6_FS8_VOLUME_VS_THICKNESS_SENSITIVITY_070_ADNI_BASELINE_FS8_CORTICAL_VOLUME_TO_ADNI_BASELINE_FS8_THICKNESS_SCHAEFER200_7_MMSE,E6_FS8_VOLUME_VS_THICKNESS_SENSITIVITY,,,,,,,,,,,claim-score transfer requires exact matched target feature columns
E6_FS8_VOLUME_VS_THICKNESS_SENSITIVITY_071_ADNI_BASELINE_FS8_CORTICAL_VOLUME_TO_ADNI_BASELINE_FS8_THICKNESS_SCHAEFER200_7_AGE,E6_FS8_VOLUME_VS_THICKNESS_SENSITIVITY,,,,,,,,,,,claim-score transfer requires exact matched target feature columns
E6_FS8_VOLUME_VS_THICKNESS_SENSITIVITY_072_ADNI_BASELINE_FS8_SUBCORTICAL_VOLUME_TO_ADNI_BASELINE_FS8_THICKNESS_SCHAEFER200_7_DX_CN_AD,E6_FS8_VOLUME_VS_THICKNESS_SENSITIVITY,,,,,,,,,,,claim-score transfer requires exact matched target feature columns
E6_FS8_VOLUME_VS_THICKNESS_SENSITIVITY_073_ADNI_BASELINE_FS8_SUBCORTICAL_VOLUME_TO_ADNI_BASELINE_FS8_THICKNESS_SCHAEFER200_7_DX_CN_MCI,E6_FS8_VOLUME_VS_THICKNESS_SENSITIVITY,,,,,,,,,,,claim-score transfer requires exact matched target feature columns
E6_FS8_VOLUME_VS_THICKNESS_SENSITIVITY_074_ADNI_BASELINE_FS8_SUBCORTICAL_VOLUME_TO_ADNI_BASELINE_FS8_THICKNESS_SCHAEFER200_7_MMSE,E6_FS8_VOLUME_VS_THICKNESS_SENSITIVITY,,,,,,,,,,,claim-score transfer requires exact matched target feature columns
E6_FS8_VOLUME_VS_THICKNESS_SENSITIVITY_075_ADNI_BASELINE_FS8_SUBCORTICAL_VOLUME_TO_ADNI_BASELINE_FS8_THICKNESS_SCHAEFER200_7_AGE,E6_FS8_VOLUME_VS_THICKNESS_SENSITIVITY,,,,,,,,,,,claim-score transfer requires exact matched target feature columns
E6_FS8_VOLUME_VS_THICKNESS_SENSITIVITY_076_AIBL_BASELINE_FS8_CORTICAL_VOLUME_TO_AIBL_BASELINE_FS8_THICKNESS_SCHAEFER200_7_DX_CN_AD,E6_FS8_VOLUME_VS_THICKNESS_SENSITIVITY,,,,,,,,,,,claim-score transfer requires exact matched target feature columns
E6_FS8_VOLUME_VS_THICKNESS_SENSITIVITY_077_AIBL_BASELINE_FS8_CORTICAL_VOLUME_TO_AIBL_BASELINE_FS8_THICKNESS_SCHAEFER200_7_DX_CN_MCI,E6_FS8_VOLUME_VS_THICKNESS_SENSITIVITY,,,,,,,,,,,claim-score transfer requires exact matched target feature columns
E6_FS8_VOLUME_VS_THICKNESS_SENSITIVITY_078_AIBL_BASELINE_FS8_CORTICAL_VOLUME_TO_AIBL_BASELINE_FS8_THICKNESS_SCHAEFER200_7_MMSE,E6_FS8_VOLUME_VS_THICKNESS_SENSITIVITY,,,,,,,,,,,claim-score transfer requires exact matched target feature columns
E6_FS8_VOLUME_VS_THICKNESS_SENSITIVITY_079_AIBL_BASELINE_FS8_CORTICAL_VOLUME_TO_AIBL_BASELINE_FS8_THICKNESS_SCHAEFER200_7_AGE,E6_FS8_VOLUME_VS_THICKNESS_SENSITIVITY,,,,,,,,,,,claim-score transfer requires exact matched target feature columns
E6_FS8_VOLUME_VS_THICKNESS_SENSITIVITY_080_AIBL_BASELINE_FS8_SUBCORTICAL_VOLUME_TO_AIBL_BASELINE_FS8_THICKNESS_SCHAEFER200_7_DX_CN_AD,E6_FS8_VOLUME_VS_THICKNESS_SENSITIVITY,,,,,,,,,,,claim-score transfer requires exact matched target feature columns
E6_FS8_VOLUME_VS_THICKNESS_SENSITIVITY_081_AIBL_BASELINE_FS8_SUBCORTICAL_VOLUME_TO_AIBL_BASELINE_FS8_THICKNESS_SCHAEFER200_7_DX_CN_MCI,E6_FS8_VOLUME_VS_THICKNESS_SENSITIVITY,,,,,,,,,,,claim-score transfer requires exact matched target feature columns
E6_FS8_VOLUME_VS_THICKNESS_SENSITIVITY_082_AIBL_BASELINE_FS8_SUBCORTICAL_VOLUME_TO_AIBL_BASELINE_FS8_THICKNESS_SCHAEFER200_7_MMSE,E6_FS8_VOLUME_VS_THICKNESS_SENSITIVITY,,,,,,,,,,,claim-score transfer requires exact matched target feature columns
E6_FS8_VOLUME_VS_THICKNESS_SENSITIVITY_083_AIBL_BASELINE_FS8_SUBCORTICAL_VOLUME_TO_AIBL_BASELINE_FS8_THICKNESS_SCHAEFER200_7_AGE,E6_FS8_VOLUME_VS_THICKNESS_SENSITIVITY,,,,,,,,,,,claim-score transfer requires exact matched target feature columns
E6_FS8_VOLUME_VS_THICKNESS_SENSITIVITY_084_OASIS1_BASELINE_FS8_CORTICAL_VOLUME_TO_OASIS1_BASELINE_FS8_THICKNESS_SCHAEFER200_7_CDR,E6_FS8_VOLUME_VS_THICKNESS_SENSITIVITY,,,,,,,,,,,claim-score transfer requires exact matched target feature columns
E6_FS8_VOLUME_VS_THICKNESS_SENSITIVITY_085_OASIS1_BASELINE_FS8_CORTICAL_VOLUME_TO_OASIS1_BASELINE_FS8_THICKNESS_SCHAEFER200_7_MMSE,E6_FS8_VOLUME_VS_THICKNESS_SENSITIVITY,,,,,,,,,,,claim-score transfer requires exact matched target feature columns
E6_FS8_VOLUME_VS_THICKNESS_SENSITIVITY_086_OASIS1_BASELINE_FS8_CORTICAL_VOLUME_TO_OASIS1_BASELINE_FS8_THICKNESS_SCHAEFER200_7_AGE,E6_FS8_VOLUME_VS_THICKNESS_SENSITIVITY,,,,,,,,,,,claim-score transfer requires exact matched target feature columns
E6_FS8_VOLUME_VS_THICKNESS_SENSITIVITY_087_OASIS1_BASELINE_FS8_SUBCORTICAL_VOLUME_TO_OASIS1_BASELINE_FS8_THICKNESS_SCHAEFER200_7_CDR,E6_FS8_VOLUME_VS_THICKNESS_SENSITIVITY,,,,,,,,,,,claim-score transfer requires exact matched target feature columns
E6_FS8_VOLUME_VS_THICKNESS_SENSITIVITY_088_OASIS1_BASELINE_FS8_SUBCORTICAL_VOLUME_TO_OASIS1_BASELINE_FS8_THICKNESS_SCHAEFER200_7_MMSE,E6_FS8_VOLUME_VS_THICKNESS_SENSITIVITY,,,,,,,,,,,claim-score transfer requires exact matched target feature columns
E6_FS8_VOLUME_VS_THICKNESS_SENSITIVITY_089_OASIS1_BASELINE_FS8_SUBCORTICAL_VOLUME_TO_OASIS1_BASELINE_FS8_THICKNESS_SCHAEFER200_7_AGE,E6_FS8_VOLUME_VS_THICKNESS_SENSITIVITY,,,,,,,,,,,claim-score transfer requires exact matched target feature columns
