claim_family_id,setting_id,dataset,feature_space,claim_type,target,n_composite,n_atomic,n_group,n_ranking,n_direction,n_latent,n_normative,n_total_claims,n_samples,n_features,n_warnings
ADNI_BASELINE_FS8_CORTICAL_VOLUME_DX_CN_AD_0f6485a0b6,ADNI_BASELINE_FS8_CORTICAL_VOLUME_DX_CN_AD,ADNI_baseline,fs8_cortical_volume,diagnosis_contrast,diagnosis_binary_ad_cn,1,30,2,1,1,0,0,35,660,68,0
ADNI_BASELINE_FS8_SUBCORTICAL_VOLUME_DX_CN_AD_fb416146ad,ADNI_BASELINE_FS8_SUBCORTICAL_VOLUME_DX_CN_AD,ADNI_baseline,fs8_subcortical_volume,diagnosis_contrast,diagnosis_binary_ad_cn,1,20,5,1,1,0,0,28,660,64,0
ADNI_BASELINE_FS8_CORTICAL_VOLUME_DX_CN_MCI_33363e6dbd,ADNI_BASELINE_FS8_CORTICAL_VOLUME_DX_CN_MCI,ADNI_baseline,fs8_cortical_volume,diagnosis_contrast,diagnosis_binary_mci_cn,1,30,2,1,1,0,0,35,997,68,0
ADNI_BASELINE_FS8_SUBCORTICAL_VOLUME_DX_CN_MCI_8a810a8b86,ADNI_BASELINE_FS8_SUBCORTICAL_VOLUME_DX_CN_MCI,ADNI_baseline,fs8_subcortical_volume,diagnosis_contrast,diagnosis_binary_mci_cn,1,20,3,1,1,0,0,26,997,64,0
ADNI_BASELINE_FS8_CORTICAL_VOLUME_MMSE_b901c0adbb,ADNI_BASELINE_FS8_CORTICAL_VOLUME_MMSE,ADNI_baseline,fs8_cortical_volume,mmse_association,mmse,1,30,2,1,1,0,0,35,1272,68,0
ADNI_BASELINE_FS8_SUBCORTICAL_VOLUME_MMSE_6b265c44ab,ADNI_BASELINE_FS8_SUBCORTICAL_VOLUME_MMSE,ADNI_baseline,fs8_subcortical_volume,mmse_association,mmse,1,20,5,1,1,0,0,28,1272,64,0
ADNI_BASELINE_FS8_CORTICAL_VOLUME_AGE_a25c67b612,ADNI_BASELINE_FS8_CORTICAL_VOLUME_AGE,ADNI_baseline,fs8_cortical_volume,age_association,age,1,30,3,1,1,0,0,36,1299,68,0
ADNI_BASELINE_FS8_SUBCORTICAL_VOLUME_AGE_fa1c14f686,ADNI_BASELINE_FS8_SUBCORTICAL_VOLUME_AGE,ADNI_baseline,fs8_subcortical_volume,age_association,age,1,20,4,1,1,0,0,27,1299,64,0
ADNI_BASELINE_FS8_CORTICAL_VOLUME_LATENT_1c1647a355,ADNI_BASELINE_FS8_CORTICAL_VOLUME_LATENT,ADNI_baseline,fs8_cortical_volume,latent_morphometry_axis,,0,0,0,0,0,9,0,9,1299,68,0
ADNI_BASELINE_FS8_SUBCORTICAL_VOLUME_LATENT_908fa62193,ADNI_BASELINE_FS8_SUBCORTICAL_VOLUME_LATENT,ADNI_baseline,fs8_subcortical_volume,latent_morphometry_axis,,0,0,0,0,0,10,0,10,1299,64,0
ADNI_BASELINE_FS8_CORTICAL_VOLUME_NORMATIVE_DX_a67fcc29ca,ADNI_BASELINE_FS8_CORTICAL_VOLUME_NORMATIVE_DX,ADNI_baseline,fs8_cortical_volume,normative_deviation,,0,0,0,0,0,0,0,0,1299,68,0
ADNI_BASELINE_FS8_SUBCORTICAL_VOLUME_NORMATIVE_DX_220adbfabe,ADNI_BASELINE_FS8_SUBCORTICAL_VOLUME_NORMATIVE_DX,ADNI_baseline,fs8_subcortical_volume,normative_deviation,,0,0,0,0,0,0,2,2,1299,64,0
AIBL_BASELINE_FS8_CORTICAL_VOLUME_DX_CN_AD_266a22fefe,AIBL_BASELINE_FS8_CORTICAL_VOLUME_DX_CN_AD,AIBL_baseline,fs8_cortical_volume,diagnosis_contrast,diagnosis_binary_ad_cn,1,30,2,1,1,0,0,35,1104,68,1
AIBL_BASELINE_FS8_SUBCORTICAL_VOLUME_DX_CN_AD_c7233d1166,AIBL_BASELINE_FS8_SUBCORTICAL_VOLUME_DX_CN_AD,AIBL_baseline,fs8_subcortical_volume,diagnosis_contrast,diagnosis_binary_ad_cn,1,20,5,1,1,0,0,28,1104,64,1
AIBL_BASELINE_FS8_CORTICAL_VOLUME_DX_CN_MCI_e5a54b9ab2,AIBL_BASELINE_FS8_CORTICAL_VOLUME_DX_CN_MCI,AIBL_baseline,fs8_cortical_volume,diagnosis_contrast,diagnosis_binary_mci_cn,1,20,3,1,1,0,0,26,1131,68,1
AIBL_BASELINE_FS8_SUBCORTICAL_VOLUME_DX_CN_MCI_2efad00881,AIBL_BASELINE_FS8_SUBCORTICAL_VOLUME_DX_CN_MCI,AIBL_baseline,fs8_subcortical_volume,diagnosis_contrast,diagnosis_binary_mci_cn,1,16,4,1,1,0,0,23,1131,64,1
AIBL_BASELINE_FS8_CORTICAL_VOLUME_MMSE_4d9e944bc0,AIBL_BASELINE_FS8_CORTICAL_VOLUME_MMSE,AIBL_baseline,fs8_cortical_volume,mmse_association,mmse,1,30,2,1,1,0,0,35,1291,68,1
AIBL_BASELINE_FS8_SUBCORTICAL_VOLUME_MMSE_f7441c7d7a,AIBL_BASELINE_FS8_SUBCORTICAL_VOLUME_MMSE,AIBL_baseline,fs8_subcortical_volume,mmse_association,mmse,1,20,5,1,1,0,0,28,1291,64,1
AIBL_BASELINE_FS8_CORTICAL_VOLUME_AGE_afc8e85f81,AIBL_BASELINE_FS8_CORTICAL_VOLUME_AGE,AIBL_baseline,fs8_cortical_volume,age_association,age,1,30,2,1,1,0,0,35,1298,68,1
AIBL_BASELINE_FS8_SUBCORTICAL_VOLUME_AGE_227148901e,AIBL_BASELINE_FS8_SUBCORTICAL_VOLUME_AGE,AIBL_baseline,fs8_subcortical_volume,age_association,age,1,20,4,1,1,0,0,27,1298,64,1
AIBL_BASELINE_FS8_CORTICAL_VOLUME_LATENT_b7dd2d2473,AIBL_BASELINE_FS8_CORTICAL_VOLUME_LATENT,AIBL_baseline,fs8_cortical_volume,latent_morphometry_axis,,0,0,0,0,0,8,0,8,1298,68,1
AIBL_BASELINE_FS8_SUBCORTICAL_VOLUME_LATENT_ee1ab342c0,AIBL_BASELINE_FS8_SUBCORTICAL_VOLUME_LATENT,AIBL_baseline,fs8_subcortical_volume,latent_morphometry_axis,,0,0,0,0,0,8,0,8,1298,64,1
AIBL_BASELINE_FS8_CORTICAL_VOLUME_NORMATIVE_DX_d7ee64afaf,AIBL_BASELINE_FS8_CORTICAL_VOLUME_NORMATIVE_DX,AIBL_baseline,fs8_cortical_volume,normative_deviation,,0,0,0,0,0,0,0,0,1298,68,1
AIBL_BASELINE_FS8_SUBCORTICAL_VOLUME_NORMATIVE_DX_7e1eac91dd,AIBL_BASELINE_FS8_SUBCORTICAL_VOLUME_NORMATIVE_DX,AIBL_baseline,fs8_subcortical_volume,normative_deviation,,0,0,0,0,0,0,8,8,1298,64,1
OASIS1_BASELINE_FS8_CORTICAL_VOLUME_CDR_IMPAIRMENT_9a4bc2fb06,OASIS1_BASELINE_FS8_CORTICAL_VOLUME_CDR_IMPAIRMENT,OASIS1_baseline,fs8_cortical_volume,cdr_impairment_contrast,diagnosis_binary_impairment_cdr,1,30,2,1,1,0,0,35,235,68,0
OASIS1_BASELINE_FS8_SUBCORTICAL_VOLUME_CDR_IMPAIRMENT_38946d7d18,OASIS1_BASELINE_FS8_SUBCORTICAL_VOLUME_CDR_IMPAIRMENT,OASIS1_baseline,fs8_subcortical_volume,cdr_impairment_contrast,diagnosis_binary_impairment_cdr,1,20,4,1,1,0,0,27,235,64,0
OASIS1_BASELINE_FS8_CORTICAL_VOLUME_MMSE_5e704a8ccb,OASIS1_BASELINE_FS8_CORTICAL_VOLUME_MMSE,OASIS1_baseline,fs8_cortical_volume,mmse_association,mmse,1,30,2,1,1,0,0,35,235,68,0
OASIS1_BASELINE_FS8_SUBCORTICAL_VOLUME_MMSE_543c6804cb,OASIS1_BASELINE_FS8_SUBCORTICAL_VOLUME_MMSE,OASIS1_baseline,fs8_subcortical_volume,mmse_association,mmse,1,20,4,1,1,0,0,27,235,64,0
OASIS1_BASELINE_FS8_CORTICAL_VOLUME_AGE_6d02af05ab,OASIS1_BASELINE_FS8_CORTICAL_VOLUME_AGE,OASIS1_baseline,fs8_cortical_volume,age_association,age,1,30,3,1,1,0,0,36,235,68,0
OASIS1_BASELINE_FS8_SUBCORTICAL_VOLUME_AGE_4afe8f975c,OASIS1_BASELINE_FS8_SUBCORTICAL_VOLUME_AGE,OASIS1_baseline,fs8_subcortical_volume,age_association,age,1,20,4,1,1,0,0,27,235,64,0
OASIS1_BASELINE_FS8_CORTICAL_VOLUME_LATENT_1d5738ae3a,OASIS1_BASELINE_FS8_CORTICAL_VOLUME_LATENT,OASIS1_baseline,fs8_cortical_volume,latent_morphometry_axis,,0,0,0,0,0,5,0,5,235,68,0
OASIS1_BASELINE_FS8_SUBCORTICAL_VOLUME_LATENT_62bf6939e5,OASIS1_BASELINE_FS8_SUBCORTICAL_VOLUME_LATENT,OASIS1_baseline,fs8_subcortical_volume,latent_morphometry_axis,,0,0,0,0,0,5,0,5,235,64,0
OASIS1_BASELINE_FS8_CORTICAL_VOLUME_NORMATIVE_CDR_d330fec339,OASIS1_BASELINE_FS8_CORTICAL_VOLUME_NORMATIVE_CDR,OASIS1_baseline,fs8_cortical_volume,normative_deviation,,0,0,0,0,0,0,0,0,235,68,0
OASIS1_BASELINE_FS8_SUBCORTICAL_VOLUME_NORMATIVE_CDR_ebd3b3ab2c,OASIS1_BASELINE_FS8_SUBCORTICAL_VOLUME_NORMATIVE_CDR,OASIS1_baseline,fs8_subcortical_volume,normative_deviation,,0,0,0,0,0,0,2,2,235,64,0
ADNI_BASELINE_FS8_THICKNESS_SCHAEFER200_7_DX_CN_AD_e1d8264752,ADNI_BASELINE_FS8_THICKNESS_SCHAEFER200_7_DX_CN_AD,ADNI_baseline,fs8_thickness_schaefer200_7,diagnosis_contrast,diagnosis_binary_ad_cn,1,30,2,1,1,0,0,35,1131,202,0
ADNI_BASELINE_FS8_THICKNESS_KONG200_17_DX_CN_AD_cbe408d1d3,ADNI_BASELINE_FS8_THICKNESS_KONG200_17_DX_CN_AD,ADNI_baseline,fs8_thickness_kong200_17,diagnosis_contrast,diagnosis_binary_ad_cn,1,30,4,1,1,0,0,37,1131,202,0
ADNI_BASELINE_FS8_THICKNESS_YALE696_DX_CN_AD_f593d32f78,ADNI_BASELINE_FS8_THICKNESS_YALE696_DX_CN_AD,ADNI_baseline,fs8_thickness_yale696,diagnosis_contrast,diagnosis_binary_ad_cn,1,40,4,1,1,0,0,47,1131,150,0
ADNI_BASELINE_FS8_THICKNESS_SCHAEFER200_7_DX_CN_MCI_9e5880787c,ADNI_BASELINE_FS8_THICKNESS_SCHAEFER200_7_DX_CN_MCI,ADNI_baseline,fs8_thickness_schaefer200_7,diagnosis_contrast,diagnosis_binary_mci_cn,1,30,2,1,1,0,0,35,1587,202,0
ADNI_BASELINE_FS8_THICKNESS_KONG200_17_DX_CN_MCI_108f32dbb5,ADNI_BASELINE_FS8_THICKNESS_KONG200_17_DX_CN_MCI,ADNI_baseline,fs8_thickness_kong200_17,diagnosis_contrast,diagnosis_binary_mci_cn,1,30,3,1,1,0,0,36,1587,202,0
ADNI_BASELINE_FS8_THICKNESS_YALE696_DX_CN_MCI_7ddc3fd73b,ADNI_BASELINE_FS8_THICKNESS_YALE696_DX_CN_MCI,ADNI_baseline,fs8_thickness_yale696,diagnosis_contrast,diagnosis_binary_mci_cn,1,40,5,1,1,0,0,48,1587,150,0
ADNI_BASELINE_FS8_THICKNESS_SCHAEFER200_7_MMSE_9ee81e7459,ADNI_BASELINE_FS8_THICKNESS_SCHAEFER200_7_MMSE,ADNI_baseline,fs8_thickness_schaefer200_7,mmse_association,mmse,1,0,2,1,1,0,0,5,1998,202,0
ADNI_BASELINE_FS8_THICKNESS_KONG200_17_MMSE_a8e061ea3f,ADNI_BASELINE_FS8_THICKNESS_KONG200_17_MMSE,ADNI_baseline,fs8_thickness_kong200_17,mmse_association,mmse,1,0,3,1,1,0,0,6,1998,202,0
ADNI_BASELINE_FS8_THICKNESS_YALE696_MMSE_a7ad6c44f8,ADNI_BASELINE_FS8_THICKNESS_YALE696_MMSE,ADNI_baseline,fs8_thickness_yale696,mmse_association,mmse,1,0,4,1,1,0,0,7,1998,150,0
ADNI_BASELINE_FS8_THICKNESS_SCHAEFER200_7_AGE_46f01c8f5f,ADNI_BASELINE_FS8_THICKNESS_SCHAEFER200_7_AGE,ADNI_baseline,fs8_thickness_schaefer200_7,age_association,age,1,30,4,1,1,0,0,37,2173,202,0
ADNI_BASELINE_FS8_THICKNESS_KONG200_17_AGE_1ab17492c3,ADNI_BASELINE_FS8_THICKNESS_KONG200_17_AGE,ADNI_baseline,fs8_thickness_kong200_17,age_association,age,1,30,4,1,1,0,0,37,2173,202,0
ADNI_BASELINE_FS8_THICKNESS_YALE696_AGE_de9bbc2be5,ADNI_BASELINE_FS8_THICKNESS_YALE696_AGE,ADNI_baseline,fs8_thickness_yale696,age_association,age,1,40,5,1,1,0,0,48,2173,150,0
ADNI_BASELINE_FS8_THICKNESS_SCHAEFER200_7_LATENT_a8c76cfef2,ADNI_BASELINE_FS8_THICKNESS_SCHAEFER200_7_LATENT,ADNI_baseline,fs8_thickness_schaefer200_7,latent_morphometry_axis,,0,0,0,0,0,6,0,6,2173,202,0
ADNI_BASELINE_FS8_THICKNESS_KONG200_17_LATENT_30545abbf2,ADNI_BASELINE_FS8_THICKNESS_KONG200_17_LATENT,ADNI_baseline,fs8_thickness_kong200_17,latent_morphometry_axis,,0,0,0,0,0,7,0,7,2173,202,0
ADNI_BASELINE_FS8_THICKNESS_YALE696_LATENT_16970fe17c,ADNI_BASELINE_FS8_THICKNESS_YALE696_LATENT,ADNI_baseline,fs8_thickness_yale696,latent_morphometry_axis,,0,0,0,0,0,5,0,5,2173,150,0
ADNI_BASELINE_FS8_THICKNESS_SCHAEFER200_7_NORMATIVE_DX_8c928863f5,ADNI_BASELINE_FS8_THICKNESS_SCHAEFER200_7_NORMATIVE_DX,ADNI_baseline,fs8_thickness_schaefer200_7,normative_deviation,,0,0,0,0,0,0,0,0,2173,202,0
ADNI_BASELINE_FS8_THICKNESS_KONG200_17_NORMATIVE_DX_59de6cab66,ADNI_BASELINE_FS8_THICKNESS_KONG200_17_NORMATIVE_DX,ADNI_baseline,fs8_thickness_kong200_17,normative_deviation,,0,0,0,0,0,0,0,0,2173,202,0
ADNI_BASELINE_FS8_THICKNESS_YALE696_NORMATIVE_DX_c3d032e4c9,ADNI_BASELINE_FS8_THICKNESS_YALE696_NORMATIVE_DX,ADNI_baseline,fs8_thickness_yale696,normative_deviation,,0,0,0,0,0,0,0,0,2173,150,0
AIBL_BASELINE_FS8_THICKNESS_SCHAEFER200_7_DX_CN_AD_2d3698bfc6,AIBL_BASELINE_FS8_THICKNESS_SCHAEFER200_7_DX_CN_AD,AIBL_baseline,fs8_thickness_schaefer200_7,diagnosis_contrast,diagnosis_binary_ad_cn,1,30,4,1,1,0,0,37,1104,202,0
AIBL_BASELINE_FS8_THICKNESS_KONG200_17_DX_CN_AD_e77a35c749,AIBL_BASELINE_FS8_THICKNESS_KONG200_17_DX_CN_AD,AIBL_baseline,fs8_thickness_kong200_17,diagnosis_contrast,diagnosis_binary_ad_cn,1,30,2,1,1,0,0,35,1104,202,0
AIBL_BASELINE_FS8_THICKNESS_YALE696_DX_CN_AD_4a34af60ae,AIBL_BASELINE_FS8_THICKNESS_YALE696_DX_CN_AD,AIBL_baseline,fs8_thickness_yale696,diagnosis_contrast,diagnosis_binary_ad_cn,1,40,4,1,1,0,0,47,1104,150,0
AIBL_BASELINE_FS8_THICKNESS_SCHAEFER200_7_DX_CN_MCI_3232c777c0,AIBL_BASELINE_FS8_THICKNESS_SCHAEFER200_7_DX_CN_MCI,AIBL_baseline,fs8_thickness_schaefer200_7,diagnosis_contrast,diagnosis_binary_mci_cn,1,8,3,1,1,0,0,14,1131,202,0
AIBL_BASELINE_FS8_THICKNESS_KONG200_17_DX_CN_MCI_1ef19f6639,AIBL_BASELINE_FS8_THICKNESS_KONG200_17_DX_CN_MCI,AIBL_baseline,fs8_thickness_kong200_17,diagnosis_contrast,diagnosis_binary_mci_cn,1,5,1,1,1,0,0,9,1131,202,0
AIBL_BASELINE_FS8_THICKNESS_YALE696_DX_CN_MCI_38174313e0,AIBL_BASELINE_FS8_THICKNESS_YALE696_DX_CN_MCI,AIBL_baseline,fs8_thickness_yale696,diagnosis_contrast,diagnosis_binary_mci_cn,1,1,1,1,1,0,0,5,1131,150,0
AIBL_BASELINE_FS8_THICKNESS_SCHAEFER200_7_MMSE_5279583237,AIBL_BASELINE_FS8_THICKNESS_SCHAEFER200_7_MMSE,AIBL_baseline,fs8_thickness_schaefer200_7,mmse_association,mmse,1,30,3,1,1,0,0,36,1291,202,0
AIBL_BASELINE_FS8_THICKNESS_KONG200_17_MMSE_76fb157454,AIBL_BASELINE_FS8_THICKNESS_KONG200_17_MMSE,AIBL_baseline,fs8_thickness_kong200_17,mmse_association,mmse,1,30,3,1,1,0,0,36,1291,202,0
AIBL_BASELINE_FS8_THICKNESS_YALE696_MMSE_31ed8a07c2,AIBL_BASELINE_FS8_THICKNESS_YALE696_MMSE,AIBL_baseline,fs8_thickness_yale696,mmse_association,mmse,1,40,5,1,1,0,0,48,1291,150,0
AIBL_BASELINE_FS8_THICKNESS_SCHAEFER200_7_AGE_ddfc39d5dd,AIBL_BASELINE_FS8_THICKNESS_SCHAEFER200_7_AGE,AIBL_baseline,fs8_thickness_schaefer200_7,age_association,age,1,30,4,1,1,0,0,37,1298,202,0
AIBL_BASELINE_FS8_THICKNESS_KONG200_17_AGE_c1734f926c,AIBL_BASELINE_FS8_THICKNESS_KONG200_17_AGE,AIBL_baseline,fs8_thickness_kong200_17,age_association,age,1,30,3,1,1,0,0,36,1298,202,0
AIBL_BASELINE_FS8_THICKNESS_YALE696_AGE_975c7b51b6,AIBL_BASELINE_FS8_THICKNESS_YALE696_AGE,AIBL_baseline,fs8_thickness_yale696,age_association,age,1,32,3,1,1,0,0,38,1298,150,0
AIBL_BASELINE_FS8_THICKNESS_SCHAEFER200_7_LATENT_7f07b895a3,AIBL_BASELINE_FS8_THICKNESS_SCHAEFER200_7_LATENT,AIBL_baseline,fs8_thickness_schaefer200_7,latent_morphometry_axis,,0,0,0,0,0,7,0,7,1298,202,0
AIBL_BASELINE_FS8_THICKNESS_KONG200_17_LATENT_96a8273055,AIBL_BASELINE_FS8_THICKNESS_KONG200_17_LATENT,AIBL_baseline,fs8_thickness_kong200_17,latent_morphometry_axis,,0,0,0,0,0,7,0,7,1298,202,0
AIBL_BASELINE_FS8_THICKNESS_YALE696_LATENT_133b99d71f,AIBL_BASELINE_FS8_THICKNESS_YALE696_LATENT,AIBL_baseline,fs8_thickness_yale696,latent_morphometry_axis,,0,0,0,0,0,7,0,7,1298,150,0
AIBL_BASELINE_FS8_THICKNESS_SCHAEFER200_7_NORMATIVE_DX_097fd8077b,AIBL_BASELINE_FS8_THICKNESS_SCHAEFER200_7_NORMATIVE_DX,AIBL_baseline,fs8_thickness_schaefer200_7,normative_deviation,,0,0,0,0,0,0,0,0,1298,202,0
AIBL_BASELINE_FS8_THICKNESS_KONG200_17_NORMATIVE_DX_bd788f16c8,AIBL_BASELINE_FS8_THICKNESS_KONG200_17_NORMATIVE_DX,AIBL_baseline,fs8_thickness_kong200_17,normative_deviation,,0,0,0,0,0,0,0,0,1298,202,0
AIBL_BASELINE_FS8_THICKNESS_YALE696_NORMATIVE_DX_349e15e59d,AIBL_BASELINE_FS8_THICKNESS_YALE696_NORMATIVE_DX,AIBL_baseline,fs8_thickness_yale696,normative_deviation,,0,0,0,0,0,0,0,0,1298,150,0
OASIS1_BASELINE_FS8_THICKNESS_SCHAEFER200_7_CDR_IMPAIRMENT_a1c111ba44,OASIS1_BASELINE_FS8_THICKNESS_SCHAEFER200_7_CDR_IMPAIRMENT,OASIS1_baseline,fs8_thickness_schaefer200_7,cdr_impairment_contrast,diagnosis_binary_impairment_cdr,1,30,4,1,1,0,0,37,235,202,0
OASIS1_BASELINE_FS8_THICKNESS_KONG200_17_CDR_IMPAIRMENT_6ce47069fa,OASIS1_BASELINE_FS8_THICKNESS_KONG200_17_CDR_IMPAIRMENT,OASIS1_baseline,fs8_thickness_kong200_17,cdr_impairment_contrast,diagnosis_binary_impairment_cdr,1,30,2,1,1,0,0,35,235,202,0
OASIS1_BASELINE_FS8_THICKNESS_YALE696_CDR_IMPAIRMENT_97d525a534,OASIS1_BASELINE_FS8_THICKNESS_YALE696_CDR_IMPAIRMENT,OASIS1_baseline,fs8_thickness_yale696,cdr_impairment_contrast,diagnosis_binary_impairment_cdr,1,40,4,1,1,0,0,47,235,150,0
OASIS1_BASELINE_FS8_THICKNESS_SCHAEFER200_7_MMSE_13160e92a9,OASIS1_BASELINE_FS8_THICKNESS_SCHAEFER200_7_MMSE,OASIS1_baseline,fs8_thickness_schaefer200_7,mmse_association,mmse,1,30,4,1,1,0,0,37,235,202,0
OASIS1_BASELINE_FS8_THICKNESS_KONG200_17_MMSE_f3b5d0d703,OASIS1_BASELINE_FS8_THICKNESS_KONG200_17_MMSE,OASIS1_baseline,fs8_thickness_kong200_17,mmse_association,mmse,1,30,2,1,1,0,0,35,235,202,0
OASIS1_BASELINE_FS8_THICKNESS_YALE696_MMSE_4c3df78ece,OASIS1_BASELINE_FS8_THICKNESS_YALE696_MMSE,OASIS1_baseline,fs8_thickness_yale696,mmse_association,mmse,1,40,4,1,1,0,0,47,235,150,0
OASIS1_BASELINE_FS8_THICKNESS_SCHAEFER200_7_AGE_2e8e8ab737,OASIS1_BASELINE_FS8_THICKNESS_SCHAEFER200_7_AGE,OASIS1_baseline,fs8_thickness_schaefer200_7,age_association,age,1,30,2,1,1,0,0,35,235,202,0
OASIS1_BASELINE_FS8_THICKNESS_KONG200_17_AGE_5847b16687,OASIS1_BASELINE_FS8_THICKNESS_KONG200_17_AGE,OASIS1_baseline,fs8_thickness_kong200_17,age_association,age,1,30,0,1,1,0,0,33,235,202,0
OASIS1_BASELINE_FS8_THICKNESS_YALE696_AGE_40e6a65ba7,OASIS1_BASELINE_FS8_THICKNESS_YALE696_AGE,OASIS1_baseline,fs8_thickness_yale696,age_association,age,1,40,3,1,1,0,0,46,235,150,0
OASIS1_BASELINE_FS8_THICKNESS_SCHAEFER200_7_LATENT_750a689049,OASIS1_BASELINE_FS8_THICKNESS_SCHAEFER200_7_LATENT,OASIS1_baseline,fs8_thickness_schaefer200_7,latent_morphometry_axis,,0,0,0,0,0,5,0,5,235,202,0
OASIS1_BASELINE_FS8_THICKNESS_KONG200_17_LATENT_a49aa3884b,OASIS1_BASELINE_FS8_THICKNESS_KONG200_17_LATENT,OASIS1_baseline,fs8_thickness_kong200_17,latent_morphometry_axis,,0,0,0,0,0,5,0,5,235,202,0
OASIS1_BASELINE_FS8_THICKNESS_YALE696_LATENT_d19a644a82,OASIS1_BASELINE_FS8_THICKNESS_YALE696_LATENT,OASIS1_baseline,fs8_thickness_yale696,latent_morphometry_axis,,0,0,0,0,0,3,0,3,235,150,0
OASIS1_BASELINE_FS8_THICKNESS_SCHAEFER200_7_NORMATIVE_CDR_c8fa5cc9ca,OASIS1_BASELINE_FS8_THICKNESS_SCHAEFER200_7_NORMATIVE_CDR,OASIS1_baseline,fs8_thickness_schaefer200_7,normative_deviation,,0,0,0,0,0,0,0,0,235,202,0
OASIS1_BASELINE_FS8_THICKNESS_KONG200_17_NORMATIVE_CDR_f46a593947,OASIS1_BASELINE_FS8_THICKNESS_KONG200_17_NORMATIVE_CDR,OASIS1_baseline,fs8_thickness_kong200_17,normative_deviation,,0,0,0,0,0,0,0,0,235,202,0
OASIS1_BASELINE_FS8_THICKNESS_YALE696_NORMATIVE_CDR_7db42cac82,OASIS1_BASELINE_FS8_THICKNESS_YALE696_NORMATIVE_CDR,OASIS1_baseline,fs8_thickness_yale696,normative_deviation,,0,0,0,0,0,0,0,0,235,150,0
ADNI_SPM_MATCHED_SPM_THICKNESS_SCHAEFER200_7_DX_CN_AD_ddab764881,ADNI_SPM_MATCHED_SPM_THICKNESS_SCHAEFER200_7_DX_CN_AD,ADNI_SPM_MATCHED,spm_thickness_schaefer200_7,diagnosis_contrast,diagnosis_binary_ad_cn,1,30,2,1,1,0,0,35,1554,202,0
ADNI_SPM_MATCHED_SPM_THICKNESS_SCHAEFER200_17_DX_CN_AD_60b272e3d3,ADNI_SPM_MATCHED_SPM_THICKNESS_SCHAEFER200_17_DX_CN_AD,ADNI_SPM_MATCHED,spm_thickness_schaefer200_17,diagnosis_contrast,diagnosis_binary_ad_cn,1,30,3,1,1,0,0,36,1554,202,0
ADNI_SPM_MATCHED_SPM_THICKNESS_SCHAEFER200_7_DX_CN_MCI_e1d9dcf4d7,ADNI_SPM_MATCHED_SPM_THICKNESS_SCHAEFER200_7_DX_CN_MCI,ADNI_SPM_MATCHED,spm_thickness_schaefer200_7,diagnosis_contrast,diagnosis_binary_mci_cn,1,30,2,1,1,0,0,35,2203,202,0
ADNI_SPM_MATCHED_SPM_THICKNESS_SCHAEFER200_17_DX_CN_MCI_4a40598347,ADNI_SPM_MATCHED_SPM_THICKNESS_SCHAEFER200_17_DX_CN_MCI,ADNI_SPM_MATCHED,spm_thickness_schaefer200_17,diagnosis_contrast,diagnosis_binary_mci_cn,1,30,2,1,1,0,0,35,2203,202,0
ADNI_SPM_MATCHED_SPM_THICKNESS_SCHAEFER200_7_MMSE_ac6aba6146,ADNI_SPM_MATCHED_SPM_THICKNESS_SCHAEFER200_7_MMSE,ADNI_SPM_MATCHED,spm_thickness_schaefer200_7,mmse_association,mmse,1,30,3,1,1,0,0,36,2892,202,0
ADNI_SPM_MATCHED_SPM_THICKNESS_SCHAEFER200_17_MMSE_ec64591917,ADNI_SPM_MATCHED_SPM_THICKNESS_SCHAEFER200_17_MMSE,ADNI_SPM_MATCHED,spm_thickness_schaefer200_17,mmse_association,mmse,1,30,4,1,1,0,0,37,2892,202,0
ADNI_SPM_MATCHED_SPM_THICKNESS_SCHAEFER200_7_AGE_aa5f5a8be7,ADNI_SPM_MATCHED_SPM_THICKNESS_SCHAEFER200_7_AGE,ADNI_SPM_MATCHED,spm_thickness_schaefer200_7,age_association,age,1,30,2,1,1,0,0,35,2892,202,0
ADNI_SPM_MATCHED_SPM_THICKNESS_SCHAEFER200_17_AGE_86d4662a2e,ADNI_SPM_MATCHED_SPM_THICKNESS_SCHAEFER200_17_AGE,ADNI_SPM_MATCHED,spm_thickness_schaefer200_17,age_association,age,1,30,4,1,1,0,0,37,2892,202,0
ADNI_SPM_MATCHED_SPM_THICKNESS_SCHAEFER200_7_LATENT_4b36e6a42e,ADNI_SPM_MATCHED_SPM_THICKNESS_SCHAEFER200_7_LATENT,ADNI_SPM_MATCHED,spm_thickness_schaefer200_7,latent_morphometry_axis,,0,0,0,0,0,7,0,7,2892,202,0
ADNI_SPM_MATCHED_SPM_THICKNESS_SCHAEFER200_17_LATENT_577d028476,ADNI_SPM_MATCHED_SPM_THICKNESS_SCHAEFER200_17_LATENT,ADNI_SPM_MATCHED,spm_thickness_schaefer200_17,latent_morphometry_axis,,0,0,0,0,0,7,0,7,2892,202,0
ADNI_SPM_MATCHED_FS8_SCHAEFER7_DX_CN_AD_e23c09f7c3,ADNI_SPM_MATCHED_FS8_SCHAEFER7_DX_CN_AD,ADNI_SPM_MATCHED,fs8_thickness_schaefer200_7,diagnosis_contrast,diagnosis_binary_ad_cn,1,30,2,1,1,0,0,35,1554,202,0
ADNI_SPM_MATCHED_FS8_SCHAEFER7_DX_CN_MCI_7c0406a16d,ADNI_SPM_MATCHED_FS8_SCHAEFER7_DX_CN_MCI,ADNI_SPM_MATCHED,fs8_thickness_schaefer200_7,diagnosis_contrast,diagnosis_binary_mci_cn,1,30,3,1,1,0,0,36,2203,202,0
ADNI_SPM_MATCHED_FS8_SCHAEFER7_MMSE_198f984def,ADNI_SPM_MATCHED_FS8_SCHAEFER7_MMSE,ADNI_SPM_MATCHED,fs8_thickness_schaefer200_7,mmse_association,mmse,1,30,2,1,1,0,0,35,2892,202,0
ADNI_SPM_MATCHED_FS8_SCHAEFER7_AGE_7de109da98,ADNI_SPM_MATCHED_FS8_SCHAEFER7_AGE,ADNI_SPM_MATCHED,fs8_thickness_schaefer200_7,age_association,age,1,30,3,1,1,0,0,36,2892,202,0
ADNI_SPM_MATCHED_FS8_SCHAEFER7_LATENT_8c136f9fde,ADNI_SPM_MATCHED_FS8_SCHAEFER7_LATENT,ADNI_SPM_MATCHED,fs8_thickness_schaefer200_7,latent_morphometry_axis,,0,0,0,0,0,6,0,6,2892,202,0
ADNI_BASELINE_FASTSURFER_CORTICAL_VOLUME_DX_CN_AD_5a4dc5a219,ADNI_BASELINE_FASTSURFER_CORTICAL_VOLUME_DX_CN_AD,ADNI_baseline,fastsurfer_cortical_volume,diagnosis_contrast,diagnosis_binary_ad_cn,1,1,1,1,1,0,0,5,660,68,0
ADNI_BASELINE_FASTSURFER_SUBCORTICAL_VOLUME_DX_CN_AD_a6bd6756b7,ADNI_BASELINE_FASTSURFER_SUBCORTICAL_VOLUME_DX_CN_AD,ADNI_baseline,fastsurfer_subcortical_volume,diagnosis_contrast,diagnosis_binary_ad_cn,1,20,4,1,1,0,0,27,660,64,0
ADNI_BASELINE_FASTSURFER_CORTICAL_VOLUME_DX_CN_MCI_85a5f25df2,ADNI_BASELINE_FASTSURFER_CORTICAL_VOLUME_DX_CN_MCI,ADNI_baseline,fastsurfer_cortical_volume,diagnosis_contrast,diagnosis_binary_mci_cn,1,0,1,1,1,0,0,4,997,68,0
ADNI_BASELINE_FASTSURFER_SUBCORTICAL_VOLUME_DX_CN_MCI_07dcb324ee,ADNI_BASELINE_FASTSURFER_SUBCORTICAL_VOLUME_DX_CN_MCI,ADNI_baseline,fastsurfer_subcortical_volume,diagnosis_contrast,diagnosis_binary_mci_cn,1,9,3,1,1,0,0,15,997,64,0
ADNI_BASELINE_FASTSURFER_CORTICAL_VOLUME_MMSE_8d0cdf659c,ADNI_BASELINE_FASTSURFER_CORTICAL_VOLUME_MMSE,ADNI_baseline,fastsurfer_cortical_volume,mmse_association,mmse,1,0,0,1,1,0,0,3,1272,68,0
ADNI_BASELINE_FASTSURFER_SUBCORTICAL_VOLUME_MMSE_f0bd89a08f,ADNI_BASELINE_FASTSURFER_SUBCORTICAL_VOLUME_MMSE,ADNI_baseline,fastsurfer_subcortical_volume,mmse_association,mmse,1,9,3,1,1,0,0,15,1272,64,0
ADNI_BASELINE_FASTSURFER_CORTICAL_VOLUME_AGE_c84f25786a,ADNI_BASELINE_FASTSURFER_CORTICAL_VOLUME_AGE,ADNI_baseline,fastsurfer_cortical_volume,age_association,age,1,30,2,1,1,0,0,35,1299,68,0
ADNI_BASELINE_FASTSURFER_SUBCORTICAL_VOLUME_AGE_f50acbcf01,ADNI_BASELINE_FASTSURFER_SUBCORTICAL_VOLUME_AGE,ADNI_baseline,fastsurfer_subcortical_volume,age_association,age,1,20,3,1,1,0,0,26,1299,64,0
ADNI_BASELINE_FASTSURFER_CORTICAL_VOLUME_LATENT_cfc488de72,ADNI_BASELINE_FASTSURFER_CORTICAL_VOLUME_LATENT,ADNI_baseline,fastsurfer_cortical_volume,latent_morphometry_axis,,0,0,0,0,0,7,0,7,1299,68,0
ADNI_BASELINE_FASTSURFER_SUBCORTICAL_VOLUME_LATENT_04e6ea33bd,ADNI_BASELINE_FASTSURFER_SUBCORTICAL_VOLUME_LATENT,ADNI_baseline,fastsurfer_subcortical_volume,latent_morphometry_axis,,0,0,0,0,0,6,0,6,1299,64,0
ADNI_BASELINE_FASTSURFER_CORTICAL_VOLUME_NORMATIVE_DX_3663c3e867,ADNI_BASELINE_FASTSURFER_CORTICAL_VOLUME_NORMATIVE_DX,ADNI_baseline,fastsurfer_cortical_volume,normative_deviation,,0,0,0,0,0,0,16,16,1299,68,0
ADNI_BASELINE_FASTSURFER_SUBCORTICAL_VOLUME_NORMATIVE_DX_28a646ab83,ADNI_BASELINE_FASTSURFER_SUBCORTICAL_VOLUME_NORMATIVE_DX,ADNI_baseline,fastsurfer_subcortical_volume,normative_deviation,,0,0,0,0,0,0,42,42,1299,64,0
ADNI_BASELINE_FS8_CORTICAL_VOLUME_SEX_MALE_FEMALE_ab13739ea5,ADNI_BASELINE_FS8_CORTICAL_VOLUME_SEX_MALE_FEMALE,ADNI_baseline,fs8_cortical_volume,demographic_contrast,sex_binary_male_female,1,30,3,1,1,0,0,36,1299,68,0
ADNI_BASELINE_FS8_SUBCORTICAL_VOLUME_SEX_MALE_FEMALE_def245ddb1,ADNI_BASELINE_FS8_SUBCORTICAL_VOLUME_SEX_MALE_FEMALE,ADNI_baseline,fs8_subcortical_volume,demographic_contrast,sex_binary_male_female,1,20,5,1,1,0,0,28,1299,64,0
ADNI_BASELINE_FS8_THICKNESS_SCHAEFER200_7_SEX_MALE_FEMALE_57cecac1d4,ADNI_BASELINE_FS8_THICKNESS_SCHAEFER200_7_SEX_MALE_FEMALE,ADNI_baseline,fs8_thickness_schaefer200_7,demographic_contrast,sex_binary_male_female,1,30,3,1,1,0,0,36,2173,202,0
ADNI_BASELINE_FS8_CORTICAL_VOLUME_FIELD_3T_15T_81b5574db6,ADNI_BASELINE_FS8_CORTICAL_VOLUME_FIELD_3T_15T,ADNI_baseline,fs8_cortical_volume,acquisition_contrast,field_strength_binary_3t_15t,1,30,3,1,1,0,0,36,1030,68,0
ADNI_BASELINE_FS8_SUBCORTICAL_VOLUME_FIELD_3T_15T_34f2cb4438,ADNI_BASELINE_FS8_SUBCORTICAL_VOLUME_FIELD_3T_15T,ADNI_baseline,fs8_subcortical_volume,acquisition_contrast,field_strength_binary_3t_15t,1,20,5,1,1,0,0,28,1030,64,0
ADNI_BASELINE_FS8_THICKNESS_SCHAEFER200_7_FIELD_3T_15T_0443e67f5b,ADNI_BASELINE_FS8_THICKNESS_SCHAEFER200_7_FIELD_3T_15T,ADNI_baseline,fs8_thickness_schaefer200_7,acquisition_contrast,field_strength_binary_3t_15t,1,30,2,1,1,0,0,35,1030,202,0
ADNI_BASELINE_FS8_CORTICAL_VOLUME_ADNI1_VS_ADNI3_2c8cc07760,ADNI_BASELINE_FS8_CORTICAL_VOLUME_ADNI1_VS_ADNI3,ADNI_baseline,fs8_cortical_volume,acquisition_contrast,cohort_binary_adni3_adni1,1,0,0,1,1,0,0,3,817,68,0
ADNI_BASELINE_FS8_SUBCORTICAL_VOLUME_ADNI1_VS_ADNI3_c7df0c33a5,ADNI_BASELINE_FS8_SUBCORTICAL_VOLUME_ADNI1_VS_ADNI3,ADNI_baseline,fs8_subcortical_volume,acquisition_contrast,cohort_binary_adni3_adni1,1,0,0,1,1,0,0,3,817,64,0
ADNI_BASELINE_FS8_THICKNESS_SCHAEFER200_7_ADNI1_VS_ADNI3_9c63e0c9bf,ADNI_BASELINE_FS8_THICKNESS_SCHAEFER200_7_ADNI1_VS_ADNI3,ADNI_baseline,fs8_thickness_schaefer200_7,acquisition_contrast,cohort_binary_adni3_adni1,1,30,5,1,1,0,0,38,1258,202,0
