review_id,claim_id,claim_family_id,review_set,claim_level,claim_type,claim_text,short_claim_text,target,feature_family,feature_space,pipeline,atlas,dataset,cohort,roi,roi_group,anatomical_group,network,network_7_like,lobe,direction,evidence_metric,evidence_value,coefficient,t_value,p_value,q_value,n_samples,n_features,support_regions,support_metrics_short,reviewer_id,reviewer_type,reviewer_specialty,plausibility_1_5,clarity_1_5,faithfulness_1_5,usefulness_1_5,reviewer_confidence_1_5,caution_level,recommended_action,corrected_claim_text,reviewer_comments,revised
REV0001,AIBL_BASELINE_FS8_CORTICAL_VOLUME_DX_CN_AD_266a22fefe_composite_main,AIBL_BASELINE_FS8_CORTICAL_VOLUME_DX_CN_AD_266a22fefe,main_expert,composite,diagnosis_contrast,"AD is associated with lower cortical regional volume in temporal, parietal, and cingulate regions compared with CN, after adjustment for age, sex.","AD is associated with lower cortical regional volume in temporal, parietal, and cingulate regions compared with CN, after adjustment for age, sex.",diagnosis_binary_ad_cn,volume,fs8_cortical_volume,freesurfer8,cortical_regions,AIBL_baseline,pooled,,,,,,,lower,mean_abs_t,10.546128951545162,,,,,1104,68,,,radiology,human,radiology,5,4,4,5,5,stable,accept,,,
REV0002,AIBL_BASELINE_FS8_THICKNESS_SCHAEFER200_7_AGE_ddfc39d5dd_composite_main,AIBL_BASELINE_FS8_THICKNESS_SCHAEFER200_7_AGE_ddfc39d5dd,main_expert,composite,age_association,"Older age is associated with altered Schaefer 200 7-network cortical thickness in Default, Limbic, and Cont network parcels, after adjustment for sex.","Older age is associated with altered Schaefer 200 7-network cortical thickness in Default, Limbic, and Cont network parcels, after adjustment for sex.",age,thickness,fs8_thickness_schaefer200_7,freesurfer8,schaefer200_7network,AIBL_baseline,pooled,,,,,,,altered,mean_abs_t,4.7609346912471375,,,,,1298,202,,,radiology,human,radiology,4,3,4,4,4,tentative,minor_revise,"Older age is associated with altered cortical thickness in Default Mode, Limbic, and Control networks defined by the Schaefer 200-parcel 7-network atlas, after adjustment for sex.”",Unclear wording of atlas/network terms,
REV0003,ADNI_BASELINE_FS8_SUBCORTICAL_VOLUME_DX_CN_AD_fb416146ad_composite_main,ADNI_BASELINE_FS8_SUBCORTICAL_VOLUME_DX_CN_AD_fb416146ad,main_expert,composite,diagnosis_contrast,"AD is associated with lower subcortical volume in Left-Hippocampus, Right-Hippocampus, Left-Inf-Lat-Vent, Right-Inf-Lat-Vent, Right-Amygdala compared with CN, after adjustment for age, sex, education, icv.","AD is associated with lower subcortical volume in Left-Hippocampus, Right-Hippocampus, Left-Inf-Lat-Vent, Right-Inf-Lat-Vent, Right-Amygdala compared with CN, after adjustment for age, sex, education, icv.",diagnosis_binary_ad_cn,volume,fs8_subcortical_volume,freesurfer8,subcortical,ADNI_baseline,pooled,,,,,,,lower,mean_abs_t,8.286137751181068,,,,,660,64,,,radiology,human,radiology,3,3,3,4,5,tentative,minor_revise,"AD is associated with lower subcortical volume in the hippocampus and amygdala, and higher ventricular volume, compared with CN, after adjustment for age, sex, education, and ICV",Ventricular direction incorrect.,
REV0004,ADNI_SPM_MATCHED_FS8_SCHAEFER7_DX_CN_AD_e23c09f7c3_composite_main,ADNI_SPM_MATCHED_FS8_SCHAEFER7_DX_CN_AD_e23c09f7c3,main_expert,composite,diagnosis_contrast,"AD is associated with lower Schaefer 200 7-network cortical thickness in Default, Limbic, and Cont network parcels compared with CN, after adjustment for age, sex, education.","AD is associated with lower Schaefer 200 7-network cortical thickness in Default, Limbic, and Cont network parcels compared with CN, after adjustment for age, sex, education.",diagnosis_binary_ad_cn,thickness,fs8_thickness_schaefer200_7,freesurfer8,schaefer200_7network,ADNI_SPM_MATCHED,pooled,,,,,,,lower,mean_abs_t,14.293053887392452,,,,,1554,202,,,radiology,human,radiology,5,4,5,5,5,stable,accept,,,
REV0005,ADNI_BASELINE_FS8_CORTICAL_VOLUME_DX_CN_AD_0f6485a0b6_composite_main,ADNI_BASELINE_FS8_CORTICAL_VOLUME_DX_CN_AD_0f6485a0b6,main_expert,composite,diagnosis_contrast,"AD is associated with lower cortical regional volume in temporal and parietal regions compared with CN, after adjustment for age, sex, education, icv.","AD is associated with lower cortical regional volume in temporal and parietal regions compared with CN, after adjustment for age, sex, education, icv.",diagnosis_binary_ad_cn,volume,fs8_cortical_volume,freesurfer8,cortical_regions,ADNI_baseline,pooled,,,,,,,lower,mean_abs_t,11.867281428402489,,,,,660,68,,,radiology,human,radiology,5,5,5,5,5,stable,accept,,,
REV0006,AIBL_BASELINE_FS8_CORTICAL_VOLUME_MMSE_4d9e944bc0_composite_main,AIBL_BASELINE_FS8_CORTICAL_VOLUME_MMSE_4d9e944bc0,main_expert,composite,mmse_association,"Higher MMSE is associated with higher cortical regional volume in temporal, parietal, and occipital regions, after adjustment for age, sex.","Higher MMSE is associated with higher cortical regional volume in temporal, parietal, and occipital regions, after adjustment for age, sex.",mmse,volume,fs8_cortical_volume,freesurfer8,cortical_regions,AIBL_baseline,pooled,,,,,,,higher,mean_abs_t,11.337641059855477,,,,,1291,68,,,radiology,human,radiology,5,4,4,5,5,stable,minor_revise,"Higher MMSE scores are associated with greater cortical regional volume in temporal, parietal, and occipital regions, after adjustment for age and sex.",Clear and plausible; minor wording improvement.,
REV0007,OASIS1_BASELINE_FS8_SUBCORTICAL_VOLUME_CDR_IMPAIRMENT_38946d7d18_composite_main,OASIS1_BASELINE_FS8_SUBCORTICAL_VOLUME_CDR_IMPAIRMENT_38946d7d18,main_expert,composite,cdr_impairment_contrast,"CDR-defined cognitive impairment is associated with lower subcortical volume in Right-Hippocampus, Right-Amygdala, Right-Inf-Lat-Vent, Left-Hippocampus, Left-Inf-Lat-Vent compared with CDR 0, after adjustment for age, sex, education.","CDR-defined cognitive impairment is associated with lower subcortical volume in Right-Hippocampus, Right-Amygdala, Right-Inf-Lat-Vent, Left-Hippocampus, Left-Inf-Lat-Vent compared with CDR 0, after adjustment for age, sex, education.",diagnosis_binary_impairment_cdr,volume,fs8_subcortical_volume,freesurfer8,subcortical,OASIS1_baseline,pooled,,,,,,,lower,mean_abs_t,4.287116403488893,,,,,235,64,,,radiology,human,radiology,5,3,3,5,5,tentative,minor_revise,"CDR-defined cognitive impairment is associated with lower subcortical volume in the left and right hippocampus and right amygdala, and larger inferior lateral ventricles bilaterally, compared with CDR 0, after adjustment for age, sex, and education",Mixed directions and unclear abbreviations.,
REV0008,AIBL_BASELINE_FS8_SUBCORTICAL_VOLUME_DX_CN_MCI_2efad00881_composite_main,AIBL_BASELINE_FS8_SUBCORTICAL_VOLUME_DX_CN_MCI_2efad00881,main_expert,composite,diagnosis_contrast,"MCI is associated with altered subcortical volume in Left-Inf-Lat-Vent, Right-Inf-Lat-Vent, Right-Amygdala, Left-Amygdala, Right-Lateral-Ventricle compared with CN, after adjustment for age, sex.","MCI is associated with altered subcortical volume in Left-Inf-Lat-Vent, Right-Inf-Lat-Vent, Right-Amygdala, Left-Amygdala, Right-Lateral-Ventricle compared with CN, after adjustment for age, sex.",diagnosis_binary_mci_cn,volume,fs8_subcortical_volume,freesurfer8,subcortical,AIBL_baseline,pooled,,,,,,,altered,mean_abs_t,4.817938317582505,,,,,1131,64,,,radiology,human,radiology,4,3,3,4,4,tentative,minor_revise,"MCI is associated with altered subcortical volume in Left-Inf-Lat-Vent, Right-Inf-Lat-Vent, Right-Amygdala, Left-Amygdala, and Right-Lateral-Ventricle compared with CN, after adjustment for age and sex",Vague direction,
REV0009,ADNI_SPM_MATCHED_FS8_SCHAEFER7_MMSE_198f984def_composite_main,ADNI_SPM_MATCHED_FS8_SCHAEFER7_MMSE_198f984def,main_expert,composite,mmse_association,"Higher MMSE is associated with higher Schaefer 200 7-network cortical thickness in Default, Limbic, and Cont network parcels, after adjustment for age, sex, education.","Higher MMSE is associated with higher Schaefer 200 7-network cortical thickness in Default, Limbic, and Cont network parcels, after adjustment for age, sex, education.",mmse,thickness,fs8_thickness_schaefer200_7,freesurfer8,schaefer200_7network,ADNI_SPM_MATCHED,pooled,,,,,,,higher,mean_abs_t,16.06565628808095,,,,,2892,202,,,radiology,human,radiology,5,3,4,5,5,stable,accept,,,
REV0010,OASIS1_BASELINE_FS8_CORTICAL_VOLUME_MMSE_5e704a8ccb_composite_main,OASIS1_BASELINE_FS8_CORTICAL_VOLUME_MMSE_5e704a8ccb,main_expert,composite,mmse_association,"Higher MMSE is associated with higher cortical regional volume in temporal, parietal, and frontal regions, after adjustment for age, sex, education.","Higher MMSE is associated with higher cortical regional volume in temporal, parietal, and frontal regions, after adjustment for age, sex, education.",mmse,volume,fs8_cortical_volume,freesurfer8,cortical_regions,OASIS1_baseline,pooled,,,,,,,higher,mean_abs_t,4.879636707,,,,,235,68,,,radiology,human,radiology,5,4,5,5,5,stable,accept,,,
REV0011,ADNI_BASELINE_FS8_CORTICAL_VOLUME_MMSE_b901c0adbb_composite_main,ADNI_BASELINE_FS8_CORTICAL_VOLUME_MMSE_b901c0adbb,main_expert,composite,mmse_association,"Higher MMSE is associated with higher cortical regional volume in temporal, parietal, and insula regions, after adjustment for age, sex, education, icv.","Higher MMSE is associated with higher cortical regional volume in temporal, parietal, and insula regions, after adjustment for age, sex, education, icv.",mmse,volume,fs8_cortical_volume,freesurfer8,cortical_regions,ADNI_baseline,pooled,,,,,,,higher,mean_abs_t,12.705931821071252,,,,,1272,68,,,radiology,human,radiology,4,4,4,4,4,stable,accept,,,
REV0012,ADNI_BASELINE_FS8_SUBCORTICAL_VOLUME_AGE_fa1c14f686_composite_main,ADNI_BASELINE_FS8_SUBCORTICAL_VOLUME_AGE_fa1c14f686,main_expert,composite,age_association,"Older age is associated with lower subcortical volume in 3rd-Ventricle, Left-Inf-Lat-Vent, Right-Inf-Lat-Vent, Left-Lateral-Ventricle, Right-Lateral-Ventricle, after adjustment for sex, education, icv.","Older age is associated with lower subcortical volume in 3rd-Ventricle, Left-Inf-Lat-Vent, Right-Inf-Lat-Vent, Left-Lateral-Ventricle, Right-Lateral-Ventricle, after adjustment for sex, education, icv.",age,volume,fs8_subcortical_volume,freesurfer8,subcortical,ADNI_baseline,pooled,,,,,,,lower,mean_abs_t,9.340244714564609,,,,,1299,64,,,radiology,human,radiology,2,3,2,3,5,fragile,major_revise,"Older age is associated with larger ventricular volumes (3rd ventricle, inferior lateral ventricles, and lateral ventricles), after adjustment for sex, education, and icv",Incorrect direction for ventricles.,
REV0013,ADNI_BASELINE_FS8_SUBCORTICAL_VOLUME_MMSE_6b265c44ab_composite_main,ADNI_BASELINE_FS8_SUBCORTICAL_VOLUME_MMSE_6b265c44ab,main_expert,composite,mmse_association,"Higher MMSE is associated with higher subcortical volume in Left-Inf-Lat-Vent, Left-Hippocampus, Right-Inf-Lat-Vent, Right-Hippocampus, Right-Amygdala, after adjustment for age, sex, education, icv.","Higher MMSE is associated with higher subcortical volume in Left-Inf-Lat-Vent, Left-Hippocampus, Right-Inf-Lat-Vent, Right-Hippocampus, Right-Amygdala, after adjustment for age, sex, education, icv.",mmse,volume,fs8_subcortical_volume,freesurfer8,subcortical,ADNI_baseline,pooled,,,,,,,higher,mean_abs_t,8.311285954784774,,,,,1272,64,,,radiology,human,radiology,2,3,2,3,5,fragile,major_revise,"Higher MMSE is associated with higher subcortical volume in Left-Hippocampus, Right-Hippocampus, and Right-Amygdala, and lower ventricular volumes (Left-Inf-Lat-Vent, Right-Inf-Lat-Vent), after adjustment for age, sex, education, icv.",Incorrect direction for ventricles,
REV0014,OASIS1_BASELINE_FS8_SUBCORTICAL_VOLUME_AGE_4afe8f975c_composite_main,OASIS1_BASELINE_FS8_SUBCORTICAL_VOLUME_AGE_4afe8f975c,main_expert,composite,age_association,"Older age is associated with lower subcortical volume in 3rd-Ventricle, CC_Mid_Anterior, Left-Hippocampus, CSF, CC_Mid_Posterior, after adjustment for sex, education.","Older age is associated with lower subcortical volume in 3rd-Ventricle, CC_Mid_Anterior, Left-Hippocampus, CSF, CC_Mid_Posterior, after adjustment for sex, education.",age,volume,fs8_subcortical_volume,freesurfer8,subcortical,OASIS1_baseline,pooled,,,,,,,lower,mean_abs_t,8.684915556,,,,,235,64,,,radiology,human,radiology,2,3,2,3,4,fragile,major_revise,"Older age is associated with lower subcortical volume in Left-Hippocampus and CC_Mid_Anterior/Posterior, and higher CSF and 3rd-Ventricle volumes, after adjustment for sex and education.",Incorrect direction for CSF and ventricles,
REV0015,AIBL_BASELINE_FS8_CORTICAL_VOLUME_AGE_afc8e85f81_composite_main,AIBL_BASELINE_FS8_CORTICAL_VOLUME_AGE_afc8e85f81,main_expert,composite,age_association,"Older age is associated with lower cortical regional volume in temporal, occipital, and frontal regions, after adjustment for sex.","Older age is associated with lower cortical regional volume in temporal, occipital, and frontal regions, after adjustment for sex.",age,volume,fs8_cortical_volume,freesurfer8,cortical_regions,AIBL_baseline,pooled,,,,,,,lower,mean_abs_t,6.318493260531072,,,,,1298,68,,,radiology,human,radiology,5,5,5,5,5,stable,accept,,,
REV0016,ADNI_BASELINE_FS8_CORTICAL_VOLUME_DX_CN_MCI_33363e6dbd_composite_main,ADNI_BASELINE_FS8_CORTICAL_VOLUME_DX_CN_MCI_33363e6dbd,main_expert,composite,diagnosis_contrast,"MCI is associated with lower cortical regional volume in temporal, parietal, and frontal regions compared with CN, after adjustment for age, sex, education, icv.","MCI is associated with lower cortical regional volume in temporal, parietal, and frontal regions compared with CN, after adjustment for age, sex, education, icv.",diagnosis_binary_mci_cn,volume,fs8_cortical_volume,freesurfer8,cortical_regions,ADNI_baseline,pooled,,,,,,,lower,mean_abs_t,5.155338966569458,,,,,997,68,,,radiology,human,radiology,5,5,5,5,5,stable,accept,,,
REV0017,AIBL_BASELINE_FS8_SUBCORTICAL_VOLUME_DX_CN_AD_c7233d1166_atomic_roi_Right-Accumbens-area,AIBL_BASELINE_FS8_SUBCORTICAL_VOLUME_DX_CN_AD_c7233d1166,main_expert,atomic_roi,diagnosis_contrast,"AD is associated with lower Right-Accumbens-area subcortical volume compared with CN, after adjustment for age, sex.","AD is associated with lower Right-Accumbens-area subcortical volume compared with CN, after adjustment for age, sex.",diagnosis_binary_ad_cn,volume,fs8_subcortical_volume,freesurfer8,subcortical,AIBL_baseline,pooled,Right-Accumbens-area,basal_ganglia,basal_ganglia,,,,lower,t,-10.3459474,-0.829037805,-10.3459474,5.290975014471193e-24,3.762471121401738e-23,1104,64,,,radiology,human,radiology,4,4,4,4,4,stable,accept,,,
REV0018,ADNI_SPM_MATCHED_SPM_THICKNESS_SCHAEFER200_7_DX_CN_AD_ddab764881_atomic_roi_RH_Default_Temp_2,ADNI_SPM_MATCHED_SPM_THICKNESS_SCHAEFER200_7_DX_CN_AD_ddab764881,main_expert,atomic_roi,diagnosis_contrast,"AD is associated with lower RH_Default_Temp_2 Schaefer 200 7-network cortical thickness compared with CN, after adjustment for age, sex, education.","AD is associated with lower RH_Default_Temp_2 Schaefer 200 7-network cortical thickness compared with CN, after adjustment for age, sex, education.",diagnosis_binary_ad_cn,thickness,spm_thickness_schaefer200_7,spm_cat12,schaefer200_7network,ADNI_SPM_MATCHED,pooled,RH_Default_Temp_2,Default,temporal,Default,,temporal,lower,t,-24.09522665,-1.063306185,-24.09522665,3.3073188256670113e-109,6.073440025315783e-108,1554,202,,,radiology,human,radiology,5,3,4,4,4,stable,accept,,,
REV0019,ADNI_BASELINE_FS8_SUBCORTICAL_VOLUME_AGE_fa1c14f686_atomic_roi_CC_Mid_Posterior,ADNI_BASELINE_FS8_SUBCORTICAL_VOLUME_AGE_fa1c14f686,main_expert,atomic_roi,age_association,"Older age is associated with lower CC_Mid_Posterior subcortical volume, after adjustment for sex, education, icv.","Older age is associated with lower CC_Mid_Posterior subcortical volume, after adjustment for sex, education, icv.",age,volume,fs8_subcortical_volume,freesurfer8,subcortical,ADNI_baseline,pooled,CC_Mid_Posterior,corpus_callosum,corpus_callosum,,,,lower,t,-9.618404663,-0.260068322,-9.618404663,3.3552213939255947e-21,1.9521288110112552e-20,1299,64,,,radiology,human,radiology,5,3,5,4,4,stable,accept,,,
REV0020,ADNI_SPM_MATCHED_FS8_SCHAEFER7_MMSE_198f984def_atomic_roi_LH_Default_Par_4,ADNI_SPM_MATCHED_FS8_SCHAEFER7_MMSE_198f984def,main_expert,atomic_roi,mmse_association,"Higher MMSE is associated with higher LH_Default_Par_4 Schaefer 200 7-network cortical thickness, after adjustment for age, sex, education.","Higher MMSE is associated with higher LH_Default_Par_4 Schaefer 200 7-network cortical thickness, after adjustment for age, sex, education.",mmse,thickness,fs8_thickness_schaefer200_7,freesurfer8,schaefer200_7network,ADNI_SPM_MATCHED,pooled,LH_Default_Par_4,Default,unknown_subregion,Default,,unknown,higher,t,15.980424639835425,0.2883059649962805,15.980424639835425,3.7864774733182636e-55,9.560855620128616e-54,2892,202,,,radiology,human,radiology,5,4,5,4,4,stable,accept,,,
REV0021,ADNI_BASELINE_FS8_SUBCORTICAL_VOLUME_DX_CN_MCI_8a810a8b86_atomic_roi_CC_Anterior,ADNI_BASELINE_FS8_SUBCORTICAL_VOLUME_DX_CN_MCI_8a810a8b86,main_expert,atomic_roi,diagnosis_contrast,"MCI is associated with lower CC_Anterior subcortical volume compared with CN, after adjustment for age, sex, education, icv.","MCI is associated with lower CC_Anterior subcortical volume compared with CN, after adjustment for age, sex, education, icv.",diagnosis_binary_mci_cn,volume,fs8_subcortical_volume,freesurfer8,subcortical,ADNI_baseline,pooled,CC_Anterior,corpus_callosum,corpus_callosum,,,,lower,t,-3.029021727,-0.191580504,-3.029021727,0.002517051,0.012391635,997,64,,,radiology,human,radiology,4,3,4,4,4,stable,accept,,,
REV0022,AIBL_BASELINE_FS8_CORTICAL_VOLUME_DX_CN_AD_266a22fefe_atomic_roi_rh_bankssts,AIBL_BASELINE_FS8_CORTICAL_VOLUME_DX_CN_AD_266a22fefe,main_expert,atomic_roi,diagnosis_contrast,"AD is associated with lower rh_bankssts cortical regional volume compared with CN, after adjustment for age, sex.","AD is associated with lower rh_bankssts cortical regional volume compared with CN, after adjustment for age, sex.",diagnosis_binary_ad_cn,volume,fs8_cortical_volume,freesurfer8,cortical_regions,AIBL_baseline,pooled,rh_bankssts,temporal,temporal,,,temporal,lower,t,-8.219822307,-0.662994278,-8.219822307,5.693896882398745e-16,1.9359249400155737e-15,1104,68,,,radiology,human,radiology,5,3,5,4,4,stable,accept,,,
REV0023,OASIS1_BASELINE_FS8_CORTICAL_VOLUME_MMSE_5e704a8ccb_atomic_roi_rh_posteriorcingulate,OASIS1_BASELINE_FS8_CORTICAL_VOLUME_MMSE_5e704a8ccb,main_expert,atomic_roi,mmse_association,"Higher MMSE is associated with higher rh_posteriorcingulate cortical regional volume, after adjustment for age, sex, education.","Higher MMSE is associated with higher rh_posteriorcingulate cortical regional volume, after adjustment for age, sex, education.",mmse,volume,fs8_cortical_volume,freesurfer8,cortical_regions,OASIS1_baseline,pooled,rh_posteriorcingulate,cingulate,cingulate,,,cingulate,higher,t,3.513257815323809,0.212357167,3.513257815323809,0.00053281,0.001341892,235,68,,,radiology,human,radiology,5,4,5,5,5,stable,accept,,,
REV0024,ADNI_SPM_MATCHED_FS8_SCHAEFER7_DX_CN_AD_e23c09f7c3_atomic_roi_LH_Default_Temp_4,ADNI_SPM_MATCHED_FS8_SCHAEFER7_DX_CN_AD_e23c09f7c3,main_expert,atomic_roi,diagnosis_contrast,"AD is associated with lower LH_Default_Temp_4 Schaefer 200 7-network cortical thickness compared with CN, after adjustment for age, sex, education.","AD is associated with lower LH_Default_Temp_4 Schaefer 200 7-network cortical thickness compared with CN, after adjustment for age, sex, education.",diagnosis_binary_ad_cn,thickness,fs8_thickness_schaefer200_7,freesurfer8,schaefer200_7network,ADNI_SPM_MATCHED,pooled,LH_Default_Temp_4,Default,temporal,Default,,temporal,lower,t,-12.19534726,-0.606548628,-12.19534726,9.885166730467342e-33,9.508588950259062e-32,1554,202,,,radiology,human,radiology,5,3,5,4,4,stable,accept,,,
REV0025,OASIS1_BASELINE_FS8_CORTICAL_VOLUME_CDR_IMPAIRMENT_9a4bc2fb06_atomic_roi_rh_bankssts,OASIS1_BASELINE_FS8_CORTICAL_VOLUME_CDR_IMPAIRMENT_9a4bc2fb06,main_expert,atomic_roi,cdr_impairment_contrast,"CDR-defined cognitive impairment is associated with lower rh_bankssts cortical regional volume compared with CDR 0, after adjustment for age, sex, education.","CDR-defined cognitive impairment is associated with lower rh_bankssts cortical regional volume compared with CDR 0, after adjustment for age, sex, education.",diagnosis_binary_impairment_cdr,volume,fs8_cortical_volume,freesurfer8,cortical_regions,OASIS1_baseline,pooled,rh_bankssts,temporal,temporal,,,temporal,lower,t,-3.213957267,-0.402046231,-3.213957267,0.001496902,0.00598761,235,68,,,radiology,human,radiology,5,3,5,4,5,stable,accept,,,
REV0026,AIBL_BASELINE_FS8_SUBCORTICAL_VOLUME_DX_CN_AD_c7233d1166_atomic_roi_Left-Hippocampus,AIBL_BASELINE_FS8_SUBCORTICAL_VOLUME_DX_CN_AD_c7233d1166,main_expert,atomic_roi,diagnosis_contrast,"AD is associated with lower Left-Hippocampus subcortical volume compared with CN, after adjustment for age, sex.","AD is associated with lower Left-Hippocampus subcortical volume compared with CN, after adjustment for age, sex.",diagnosis_binary_ad_cn,volume,fs8_subcortical_volume,freesurfer8,subcortical,AIBL_baseline,pooled,Left-Hippocampus,medial_temporal,medial_temporal,,,,lower,t,-19.92916083,-1.376622301,-19.92916083,1.1072150807461608e-75,2.362058838925143e-74,1104,64,,,radiology,human,radiology,5,4,5,5,5,stable,accept,,,
REV0027,AIBL_BASELINE_FS8_CORTICAL_VOLUME_DX_CN_AD_266a22fefe_atomic_roi_lh_superiortemporal,AIBL_BASELINE_FS8_CORTICAL_VOLUME_DX_CN_AD_266a22fefe,main_expert,atomic_roi,diagnosis_contrast,"AD is associated with lower lh_superiortemporal cortical regional volume compared with CN, after adjustment for age, sex.","AD is associated with lower lh_superiortemporal cortical regional volume compared with CN, after adjustment for age, sex.",diagnosis_binary_ad_cn,volume,fs8_cortical_volume,freesurfer8,cortical_regions,AIBL_baseline,pooled,lh_superiortemporal,temporal,temporal,,,temporal,lower,t,-9.425681979,-0.721702947,-9.425681979,2.441748894230204e-20,1.3678667242736174e-19,1104,68,,,radiology,human,radiology,5,4,5,4,5,stable,accept,,,
REV0028,AIBL_BASELINE_FS8_SUBCORTICAL_VOLUME_DX_CN_MCI_2efad00881_atomic_roi_CC_Mid_Posterior,AIBL_BASELINE_FS8_SUBCORTICAL_VOLUME_DX_CN_MCI_2efad00881,main_expert,atomic_roi,diagnosis_contrast,"MCI is associated with lower CC_Mid_Posterior subcortical volume compared with CN, after adjustment for age, sex.","MCI is associated with lower CC_Mid_Posterior subcortical volume compared with CN, after adjustment for age, sex.",diagnosis_binary_mci_cn,volume,fs8_subcortical_volume,freesurfer8,subcortical,AIBL_baseline,pooled,CC_Mid_Posterior,corpus_callosum,corpus_callosum,,,,lower,t,-3.657512141,-0.286381221,-3.657512141,0.000266448,0.001550241,1131,64,,,radiology,human,radiology,4,3,4,4,4,stable,accept,,,
REV0029,OASIS1_BASELINE_FS8_CORTICAL_VOLUME_MMSE_5e704a8ccb_atomic_roi_lh_parahippocampal,OASIS1_BASELINE_FS8_CORTICAL_VOLUME_MMSE_5e704a8ccb,main_expert,atomic_roi,mmse_association,"Higher MMSE is associated with higher lh_parahippocampal cortical regional volume, after adjustment for age, sex, education.","Higher MMSE is associated with higher lh_parahippocampal cortical regional volume, after adjustment for age, sex, education.",mmse,volume,fs8_cortical_volume,freesurfer8,cortical_regions,OASIS1_baseline,pooled,lh_parahippocampal,temporal,temporal,,,temporal,higher,t,3.2653449109291084,0.2092067612164231,3.2653449109291084,0.001260042,0.002989606,235,68,,,radiology,human,radiology,5,3,5,5,5,stable,accept,,,
REV0030,ADNI_BASELINE_FS8_SUBCORTICAL_VOLUME_AGE_fa1c14f686_atomic_roi_CC_Anterior,ADNI_BASELINE_FS8_SUBCORTICAL_VOLUME_AGE_fa1c14f686,main_expert,atomic_roi,age_association,"Older age is associated with lower CC_Anterior subcortical volume, after adjustment for sex, education, icv.","Older age is associated with lower CC_Anterior subcortical volume, after adjustment for sex, education, icv.",age,volume,fs8_subcortical_volume,freesurfer8,subcortical,ADNI_baseline,pooled,CC_Anterior,corpus_callosum,corpus_callosum,,,,lower,t,-6.889059,-0.186158167,-6.889059,8.74351384215985e-12,3.49740553686394e-11,1299,64,,,radiology,human,radiology,5,3,5,4,4,stable,accept,,,
REV0031,ADNI_SPM_MATCHED_SPM_THICKNESS_SCHAEFER200_7_DX_CN_AD_ddab764881_atomic_roi_RH_Limbic_TempPole_3,ADNI_SPM_MATCHED_SPM_THICKNESS_SCHAEFER200_7_DX_CN_AD_ddab764881,main_expert,atomic_roi,diagnosis_contrast,"AD is associated with lower RH_Limbic_TempPole_3 Schaefer 200 7-network cortical thickness compared with CN, after adjustment for age, sex, education.","AD is associated with lower RH_Limbic_TempPole_3 Schaefer 200 7-network cortical thickness compared with CN, after adjustment for age, sex, education.",diagnosis_binary_ad_cn,thickness,spm_thickness_schaefer200_7,spm_cat12,schaefer200_7network,ADNI_SPM_MATCHED,pooled,RH_Limbic_TempPole_3,Limbic,temporal_pole,Limbic,,temporal,lower,t,-28.60599627,-1.192915225,-28.60599627,7.450747825876083e-145,1.5050510608269688e-142,1554,202,,,radiology,human,radiology,5,3,5,4,4,stable,accept,,,
REV0032,ADNI_BASELINE_FASTSURFER_SUBCORTICAL_VOLUME_MMSE_f0bd89a08f_atomic_roi_Right-Inf-Lat-Vent,ADNI_BASELINE_FASTSURFER_SUBCORTICAL_VOLUME_MMSE_f0bd89a08f,main_expert,atomic_roi,mmse_association,"Higher MMSE is associated with lower Right-Inf-Lat-Vent subcortical volume, after adjustment for age, sex, education, icv.","Higher MMSE is associated with lower Right-Inf-Lat-Vent subcortical volume, after adjustment for age, sex, education, icv.",mmse,volume,fastsurfer_subcortical_volume,fastsurfer,subcortical,ADNI_baseline,pooled,Right-Inf-Lat-Vent,ventricle_csf,ventricle_csf,,,,lower,t,-8.50386973,-0.21449165,-8.50386973,5.0984290894513505e-17,1.1981308360210677e-15,1272,64,,,radiology,human,radiology,5,4,5,4,5,stable,accept,,,
REV0033,OASIS1_BASELINE_FS8_SUBCORTICAL_VOLUME_MMSE_543c6804cb_atomic_roi_Right-Lateral-Ventricle,OASIS1_BASELINE_FS8_SUBCORTICAL_VOLUME_MMSE_543c6804cb,main_expert,atomic_roi,mmse_association,"Higher MMSE is associated with lower Right-Lateral-Ventricle subcortical volume, after adjustment for age, sex, education.","Higher MMSE is associated with lower Right-Lateral-Ventricle subcortical volume, after adjustment for age, sex, education.",mmse,volume,fs8_subcortical_volume,freesurfer8,subcortical,OASIS1_baseline,pooled,Right-Lateral-Ventricle,ventricle_csf,ventricle_csf,,,,lower,t,-3.488196325,-0.206203605,-3.488196325,0.000582542,0.001624986,235,64,,,radiology,human,radiology,5,3,5,4,5,stable,accept,,,
REV0034,OASIS1_BASELINE_FS8_CORTICAL_VOLUME_CDR_IMPAIRMENT_9a4bc2fb06_atomic_roi_rh_parahippocampal,OASIS1_BASELINE_FS8_CORTICAL_VOLUME_CDR_IMPAIRMENT_9a4bc2fb06,main_expert,atomic_roi,cdr_impairment_contrast,"CDR-defined cognitive impairment is associated with lower rh_parahippocampal cortical regional volume compared with CDR 0, after adjustment for age, sex, education.","CDR-defined cognitive impairment is associated with lower rh_parahippocampal cortical regional volume compared with CDR 0, after adjustment for age, sex, education.",diagnosis_binary_impairment_cdr,volume,fs8_cortical_volume,freesurfer8,cortical_regions,OASIS1_baseline,pooled,rh_parahippocampal,temporal,temporal,,,temporal,lower,t,-4.20006393,-0.551437575,-4.20006393,3.817421127339341e-05,0.000326469,235,68,,,radiology,human,radiology,5,3,5,5,5,stable,accept,,,
REV0035,ADNI_SPM_MATCHED_FS8_SCHAEFER7_DX_CN_AD_e23c09f7c3_atomic_roi_LH_Limbic_TempPole_4,ADNI_SPM_MATCHED_FS8_SCHAEFER7_DX_CN_AD_e23c09f7c3,main_expert,atomic_roi,diagnosis_contrast,"AD is associated with lower LH_Limbic_TempPole_4 Schaefer 200 7-network cortical thickness compared with CN, after adjustment for age, sex, education.","AD is associated with lower LH_Limbic_TempPole_4 Schaefer 200 7-network cortical thickness compared with CN, after adjustment for age, sex, education.",diagnosis_binary_ad_cn,thickness,fs8_thickness_schaefer200_7,freesurfer8,schaefer200_7network,ADNI_SPM_MATCHED,pooled,LH_Limbic_TempPole_4,Limbic,temporal_pole,Limbic,,temporal,lower,t,-15.03017028,-0.718560087,-15.03017028,9.142688254957515e-48,3.693646055002836e-46,1554,202,,,radiology,human,radiology,5,3,5,4,4,stable,accept,,,
REV0036,AIBL_BASELINE_FS8_CORTICAL_VOLUME_DX_CN_AD_266a22fefe_atomic_roi_rh_superiorparietal,AIBL_BASELINE_FS8_CORTICAL_VOLUME_DX_CN_AD_266a22fefe,main_expert,atomic_roi,diagnosis_contrast,"AD is associated with lower rh_superiorparietal cortical regional volume compared with CN, after adjustment for age, sex.","AD is associated with lower rh_superiorparietal cortical regional volume compared with CN, after adjustment for age, sex.",diagnosis_binary_ad_cn,volume,fs8_cortical_volume,freesurfer8,cortical_regions,AIBL_baseline,pooled,rh_superiorparietal,parietal,parietal,,,parietal,lower,t,-7.859662993,-0.637799813,-7.859662993,9.138641277991463e-15,2.649185264576377e-14,1104,68,,,radiology,human,radiology,5,3,5,4,5,stable,accept,,,
REV0037,ADNI_BASELINE_FS8_CORTICAL_VOLUME_DX_CN_MCI_33363e6dbd_group_summary_temporal,ADNI_BASELINE_FS8_CORTICAL_VOLUME_DX_CN_MCI_33363e6dbd,main_expert,group_summary,group_enrichment,"MCI-versus-CN effects are concentrated in temporal regions, where 16/18 regions meet support criteria.","MCI-versus-CN effects are concentrated in temporal regions, where 16/18 regions meet support criteria.",diagnosis_binary_mci_cn,volume,fs8_cortical_volume,freesurfer8,cortical_regions,ADNI_baseline,pooled,,temporal,temporal,,,temporal,lower,mean_abs_t,4.972966259977779,-0.297726965,,,,997,68,,,radiology,human,radiology,5,4,4,5,4,stable,minor_revise,"MCI-versus-CN effects are concentrated in temporal regions, with most supported regions located in the temporal lobe",Overly specific ratio may depend on threshold.,
REV0038,AIBL_BASELINE_FS8_THICKNESS_SCHAEFER200_7_AGE_ddfc39d5dd_group_summary_Default,AIBL_BASELINE_FS8_THICKNESS_SCHAEFER200_7_AGE_ddfc39d5dd,main_expert,group_summary,group_enrichment,"Age-associated effects are concentrated in Default network parcels, where 3/8 regions meet support criteria.","Age-associated effects are concentrated in Default network parcels, where 3/8 regions meet support criteria.",age,thickness,fs8_thickness_schaefer200_7,freesurfer8,schaefer200_7network,AIBL_baseline,pooled,,Default,prefrontal,Default,Default,frontal,higher,mean_abs_t,2.6221643206276517,0.060241667,,,,1298,202,,,radiology,human,radiology,3,4,3,3,4,tentative,minor_revise,Age-associated effects are observed in Default network parcels,Overstated concentration; ratio is modest.,
REV0039,AIBL_BASELINE_FS8_SUBCORTICAL_VOLUME_DX_CN_MCI_2efad00881_group_summary_ventricle_csf,AIBL_BASELINE_FS8_SUBCORTICAL_VOLUME_DX_CN_MCI_2efad00881,main_expert,group_summary,group_enrichment,"MCI-versus-CN effects are concentrated in ventricular/CSF-related regions, where 6/10 regions meet support criteria.","MCI-versus-CN effects are concentrated in ventricular/CSF-related regions, where 6/10 regions meet support criteria.",diagnosis_binary_mci_cn,volume,fs8_subcortical_volume,freesurfer8,subcortical,AIBL_baseline,pooled,,ventricle_csf,ventricle_csf,,,,higher,mean_abs_t,4.273097427831655,0.2998800389237814,,,,1131,64,,,radiology,human,radiology,4,4,3,4,4,tentative,minor_revise,MCI-versus-CN effects are observed in ventricular/CSF-related regions,Concentration may be overstated; ratio depends on criteria,
REV0040,ADNI_BASELINE_FS8_SUBCORTICAL_VOLUME_MMSE_6b265c44ab_group_summary_medial_temporal,ADNI_BASELINE_FS8_SUBCORTICAL_VOLUME_MMSE_6b265c44ab,main_expert,group_summary,group_enrichment,"MMSE-associated effects are concentrated in medial temporal structures, where 4/4 regions meet support criteria.","MMSE-associated effects are concentrated in medial temporal structures, where 4/4 regions meet support criteria.",mmse,volume,fs8_subcortical_volume,freesurfer8,subcortical,ADNI_baseline,pooled,,medial_temporal,medial_temporal,,,,higher,mean_abs_t,11.929709454169194,0.3102529281653318,,,,1272,64,,,radiology,human,radiology,5,4,5,5,5,stable,accept,,,
REV0041,AIBL_BASELINE_FS8_SUBCORTICAL_VOLUME_MMSE_f7441c7d7a_group_summary_ventricle_csf,AIBL_BASELINE_FS8_SUBCORTICAL_VOLUME_MMSE_f7441c7d7a,main_expert,group_summary,group_enrichment,"MMSE-associated effects are concentrated in ventricular/CSF-related regions, where 6/10 regions meet support criteria.","MMSE-associated effects are concentrated in ventricular/CSF-related regions, where 6/10 regions meet support criteria.",mmse,volume,fs8_subcortical_volume,freesurfer8,subcortical,AIBL_baseline,pooled,,ventricle_csf,ventricle_csf,,,,lower,mean_abs_t,7.770370817,-0.179150227,,,,1291,64,,,radiology,human,radiology,3,4,3,3,4,tentative,minor_revise,MMSE-associated effects are observed in ventricular/CSF-related regions,Concentration overstated; 6/10 is modest.,
REV0042,AIBL_BASELINE_FS8_SUBCORTICAL_VOLUME_AGE_227148901e_group_summary_corpus_callosum,AIBL_BASELINE_FS8_SUBCORTICAL_VOLUME_AGE_227148901e,main_expert,group_summary,group_enrichment,"Age-associated effects are concentrated in corpus callosum regions, where 4/5 regions meet support criteria.","Age-associated effects are concentrated in corpus callosum regions, where 4/5 regions meet support criteria.",age,volume,fs8_subcortical_volume,freesurfer8,subcortical,AIBL_baseline,pooled,,corpus_callosum,corpus_callosum,,,,lower,mean_abs_t,8.644577026693984,-0.234477562,,,,1298,64,,,radiology,human,radiology,5,4,4,5,5,stable,accept,,,
REV0043,ADNI_SPM_MATCHED_SPM_THICKNESS_SCHAEFER200_7_MMSE_ac6aba6146_group_summary_Default,ADNI_SPM_MATCHED_SPM_THICKNESS_SCHAEFER200_7_MMSE_ac6aba6146,main_expert,group_summary,group_enrichment,"MMSE-associated effects are concentrated in Default network parcels, where 2/7 regions meet support criteria.","MMSE-associated effects are concentrated in Default network parcels, where 2/7 regions meet support criteria.",mmse,thickness,spm_thickness_schaefer200_7,spm_cat12,schaefer200_7network,ADNI_SPM_MATCHED,pooled,,Default,precuneus_pcc,Default,Default,cingulate,higher,mean_abs_t,20.360018637449517,0.3586162472719171,,,,2892,202,,,radiology,human,radiology,3,4,2,3,4,fragile,major_revise,MMSE-associated effects are observed in Default network parcels,Concentration not supported; 2/7 is low.,
REV0044,ADNI_BASELINE_FS8_SUBCORTICAL_VOLUME_DX_CN_MCI_8a810a8b86_group_summary_medial_temporal,ADNI_BASELINE_FS8_SUBCORTICAL_VOLUME_DX_CN_MCI_8a810a8b86,main_expert,group_summary,group_enrichment,"MCI-versus-CN effects are concentrated in medial temporal structures, where 4/4 regions meet support criteria.","MCI-versus-CN effects are concentrated in medial temporal structures, where 4/4 regions meet support criteria.",diagnosis_binary_mci_cn,volume,fs8_subcortical_volume,freesurfer8,subcortical,ADNI_baseline,pooled,,medial_temporal,medial_temporal,,,,lower,mean_abs_t,6.759921338491657,-0.416908379,,,,997,64,,,radiology,human,radiology,5,4,5,5,5,stable,accept,,,
REV0045,OASIS1_BASELINE_FS8_CORTICAL_VOLUME_MMSE_5e704a8ccb_group_summary_temporal,OASIS1_BASELINE_FS8_CORTICAL_VOLUME_MMSE_5e704a8ccb,main_expert,group_summary,group_enrichment,"MMSE-associated effects are concentrated in temporal regions, where 12/18 regions meet support criteria.","MMSE-associated effects are concentrated in temporal regions, where 12/18 regions meet support criteria.",mmse,volume,fs8_cortical_volume,freesurfer8,cortical_regions,OASIS1_baseline,pooled,,temporal,temporal,,,temporal,higher,mean_abs_t,4.434418744,0.2630943541374118,,,,235,68,,,radiology,human,radiology,5,4,4,5,5,stable,minor_revise,MMSE-associated effects are concentrated in temporal regions,Moderate proportion; ratio adds limited value.,
REV0046,ADNI_BASELINE_FS8_CORTICAL_VOLUME_MMSE_b901c0adbb_group_summary_temporal,ADNI_BASELINE_FS8_CORTICAL_VOLUME_MMSE_b901c0adbb,main_expert,group_summary,group_enrichment,"MMSE-associated effects are concentrated in temporal regions, where 14/18 regions meet support criteria.","MMSE-associated effects are concentrated in temporal regions, where 14/18 regions meet support criteria.",mmse,volume,fs8_cortical_volume,freesurfer8,cortical_regions,ADNI_baseline,pooled,,temporal,temporal,,,temporal,higher,mean_abs_t,11.87045994046021,0.2969596004972541,,,,1272,68,,,radiology,human,radiology,5,4,5,5,5,stable,accept,,,
REV0047,AIBL_BASELINE_FS8_SUBCORTICAL_VOLUME_DX_CN_MCI_2efad00881_ranking_top,AIBL_BASELINE_FS8_SUBCORTICAL_VOLUME_DX_CN_MCI_2efad00881,main_expert,ranking,feature_ranking,"The top-ranked regions for the MCI-versus-CN contrast are Left-Inf-Lat-Vent, Right-Inf-Lat-Vent, Right-Amygdala, Left-Amygdala, Right-Lateral-Ventricle, Right-Hippocampus, Left-Hippocampus, Left-Lateral-Ventricle, CC_Central, CSF.","The top-ranked regions for the MCI-versus-CN contrast are Left-Inf-Lat-Vent, Right-Inf-Lat-Vent, Right-Amygdala, Left-Amygdala, Right-Lateral-Ventricle, Right-Hippocampus, Left-Hippocampus, Left-Lateral-Ventricle, CC_Central, CSF.",diagnosis_binary_mci_cn,volume,fs8_subcortical_volume,freesurfer8,subcortical,AIBL_baseline,pooled,,,,,,,,abs_t_rank,,,,,,1131,64,,,radiology,human,radiology,5,3,4,5,4,stable,accept,,,
REV0048,OASIS1_BASELINE_FS8_CORTICAL_VOLUME_CDR_IMPAIRMENT_9a4bc2fb06_ranking_top,OASIS1_BASELINE_FS8_CORTICAL_VOLUME_CDR_IMPAIRMENT_9a4bc2fb06,main_expert,ranking,feature_ranking,"The top-ranked regions for CDR-defined impairment are rh_entorhinal, lh_inferiortemporal, lh_entorhinal, lh_middletemporal, rh_middletemporal, lh_precuneus, rh_parahippocampal, rh_precuneus, rh_superiortemporal, lh_inferiorparietal.","The top-ranked regions for CDR-defined impairment are rh_entorhinal, lh_inferiortemporal, lh_entorhinal, lh_middletemporal, rh_middletemporal, lh_precuneus, rh_parahippocampal, rh_precuneus, rh_superiortemporal, lh_inferiorparietal.",diagnosis_binary_impairment_cdr,volume,fs8_cortical_volume,freesurfer8,cortical_regions,OASIS1_baseline,pooled,,,,,,,,abs_t_rank,,,,,,235,68,,,radiology,human,radiology,5,3,4,5,5,stable,accept,,,
REV0049,AIBL_BASELINE_FS8_SUBCORTICAL_VOLUME_DX_CN_AD_c7233d1166_ranking_top,AIBL_BASELINE_FS8_SUBCORTICAL_VOLUME_DX_CN_AD_c7233d1166,main_expert,ranking,feature_ranking,"The top-ranked regions for the AD-versus-CN contrast are Left-Inf-Lat-Vent, Right-Inf-Lat-Vent, Left-Hippocampus, Right-Hippocampus, Right-Amygdala, Left-Amygdala, Right-Lateral-Ventricle, Left-Lateral-Ventricle, Right-Accumbens-area, Left-Accumbens-area.","The top-ranked regions for the AD-versus-CN contrast are Left-Inf-Lat-Vent, Right-Inf-Lat-Vent, Left-Hippocampus, Right-Hippocampus, Right-Amygdala, Left-Amygdala, Right-Lateral-Ventricle, Left-Lateral-Ventricle, Right-Accumbens-area, Left-Accumbens-area.",diagnosis_binary_ad_cn,volume,fs8_subcortical_volume,freesurfer8,subcortical,AIBL_baseline,pooled,,,,,,,,abs_t_rank,,,,,,1104,64,,,radiology,human,radiology,5,3,5,5,5,stable,accept,,,
REV0050,AIBL_BASELINE_FS8_THICKNESS_SCHAEFER200_7_AGE_ddfc39d5dd_ranking_top,AIBL_BASELINE_FS8_THICKNESS_SCHAEFER200_7_AGE_ddfc39d5dd,main_expert,ranking,feature_ranking,"The top-ranked regions for age association are LH_Limbic_TempPole_4, RH_Default_PFCdPFCm_2, RH_Limbic_OFC_1, RH_Limbic_OFC_3, LH_SomMot_1, LH_Default_PFC_2, LH_Limbic_TempPole_3, LH_Default_PFC_4, LH_Cont_Cing_1, RH_SalVentAttn_FrOperIns_1.","The top-ranked regions for age association are LH_Limbic_TempPole_4, RH_Default_PFCdPFCm_2, RH_Limbic_OFC_1, RH_Limbic_OFC_3, LH_SomMot_1, LH_Default_PFC_2, LH_Limbic_TempPole_3, LH_Default_PFC_4, LH_Cont_Cing_1, RH_SalVentAttn_FrOperIns_1.",age,thickness,fs8_thickness_schaefer200_7,freesurfer8,schaefer200_7network,AIBL_baseline,pooled,,,,,,,,abs_t_rank,,,,,,1298,202,,,radiology,human,radiology,4,2,4,4,4,stable,minor_revise,"Top-ranked regions for age association include parcels across limbic, default, and frontal networks",Highly technical parcel names; grouping could improve clarity.,
REV0051,ADNI_BASELINE_FASTSURFER_CORTICAL_VOLUME_DX_CN_MCI_85a5f25df2_ranking_top,ADNI_BASELINE_FASTSURFER_CORTICAL_VOLUME_DX_CN_MCI_85a5f25df2,main_expert,ranking,feature_ranking,"The top-ranked regions for the MCI-versus-CN contrast are lh_pericalcarine, rh_pericalcarine, lh_cuneus, rh_postcentral, lh_transversetemporal, rh_paracentral, rh_transversetemporal, lh_paracentral, lh_postcentral, rh_rostralanteriorcingulate.","The top-ranked regions for the MCI-versus-CN contrast are lh_pericalcarine, rh_pericalcarine, lh_cuneus, rh_postcentral, lh_transversetemporal, rh_paracentral, rh_transversetemporal, lh_paracentral, lh_postcentral, rh_rostralanteriorcingulate.",diagnosis_binary_mci_cn,volume,fastsurfer_cortical_volume,fastsurfer,cortical_regions,ADNI_baseline,pooled,,,,,,,,abs_t_rank,,,,,,997,68,,,radiology,human,radiology,2,3,3,2,4,fragile,major_revise,MCI-versus-CN effects are observed in posterior cortical and sensorimotor regions.,Atypical ranking; limited medial temporal involvement.,
REV0052,ADNI_BASELINE_FASTSURFER_CORTICAL_VOLUME_MMSE_8d0cdf659c_ranking_top,ADNI_BASELINE_FASTSURFER_CORTICAL_VOLUME_MMSE_8d0cdf659c,main_expert,ranking,feature_ranking,"The top-ranked regions for MMSE association are lh_entorhinal, rh_entorhinal, rh_pericalcarine, lh_pericalcarine, lh_paracentral, rh_caudalanteriorcingulate, rh_paracentral, rh_rostralanteriorcingulate, rh_precentral, rh_postcentral.","The top-ranked regions for MMSE association are lh_entorhinal, rh_entorhinal, rh_pericalcarine, lh_pericalcarine, lh_paracentral, rh_caudalanteriorcingulate, rh_paracentral, rh_rostralanteriorcingulate, rh_precentral, rh_postcentral.",mmse,volume,fastsurfer_cortical_volume,fastsurfer,cortical_regions,ADNI_baseline,pooled,,,,,,,,abs_t_rank,,,,,,1272,68,,,radiology,human,radiology,3,3,4,3,4,tentative,minor_revise,Top-ranked regions for MMSE association include entorhinal cortex along with additional posterior and sensorimotor regions.,Mixed pattern; includes non-classical regions.,
REV0053,OASIS1_BASELINE_FS8_SUBCORTICAL_VOLUME_LATENT_62bf6939e5_latent_axis_PC1,OASIS1_BASELINE_FS8_SUBCORTICAL_VOLUME_LATENT_62bf6939e5,main_expert,latent_axis,latent_morphometry_axis,"An unsupervised morphometry axis explains 38.7% of variance and is dominated by SupraTentorialVolNotVent, TotalGrayVol, BrainSegVol, SegmentedTotalIntracranialVol, MaskVol.","An unsupervised morphometry axis explains 38.7% of variance and is dominated by SupraTentorialVolNotVent, TotalGrayVol, BrainSegVol, SegmentedTotalIntracranialVol, MaskVol.",,volume,fs8_subcortical_volume,freesurfer8,subcortical,OASIS1_baseline,pooled,,,,,,,,explained_variance_ratio,0.3873031218765834,,,,,235,64,,,radiology,human,radiology,5,3,5,5,5,stable,accept,,,
REV0054,ADNI_BASELINE_FASTSURFER_CORTICAL_VOLUME_LATENT_cfc488de72_latent_axis_PC1,ADNI_BASELINE_FASTSURFER_CORTICAL_VOLUME_LATENT_cfc488de72,main_expert,latent_axis,latent_morphometry_axis,"An unsupervised morphometry axis explains 87.3% of variance and is dominated by frontal, parietal, and temporal regions.","An unsupervised morphometry axis explains 87.3% of variance and is dominated by frontal, parietal, and temporal regions.",,volume,fastsurfer_cortical_volume,fastsurfer,cortical_regions,ADNI_baseline,pooled,,,,,,,,explained_variance_ratio,0.8730601361721798,,,,,1299,68,,,radiology,human,radiology,2,4,2,2,4,fragile,major_revise,An unsupervised morphometry axis explains a large proportion of variance and reflects widespread cortical variation across multiple regions.,Variance unusually high; description likely oversimplified.,
REV0055,AIBL_BASELINE_FS8_THICKNESS_YALE696_LATENT_133b99d71f_latent_axis_association_PC2_field_strength,AIBL_BASELINE_FS8_THICKNESS_YALE696_LATENT_133b99d71f,main_expert,latent_axis_association,latent_axis_association,The unsupervised morphometry axis differs between group 1 and group 0 with standardized effect 0.543.,The unsupervised morphometry axis differs between group 1 and group 0 with standardized effect 0.543.,field_strength,thickness,fs8_thickness_yale696,freesurfer8,yale696,AIBL_baseline,pooled,,,,,,,,spearman_or_cohens_d,0.5434706898659045,,,,,1298,150,,,radiology,human,radiology,5,4,5,4,4,stable,accept,,,
REV0056,OASIS1_BASELINE_FS8_CORTICAL_VOLUME_LATENT_1d5738ae3a_latent_axis_association_PC3_diagnosis_binary_impairment_cdr,OASIS1_BASELINE_FS8_CORTICAL_VOLUME_LATENT_1d5738ae3a,main_expert,latent_axis_association,latent_axis_association,The unsupervised morphometry axis differs between group 1 and group 0 with standardized effect -0.414.,The unsupervised morphometry axis differs between group 1 and group 0 with standardized effect -0.414.,diagnosis_binary_impairment_cdr,volume,fs8_cortical_volume,freesurfer8,cortical_regions,OASIS1_baseline,pooled,,,,,,,,spearman_or_cohens_d,-0.414376263,,,,,235,68,,,radiology,human,radiology,5,4,5,4,4,stable,accept,,,
REV0057,ADNI_BASELINE_FASTSURFER_SUBCORTICAL_VOLUME_NORMATIVE_DX_28a646ab83_normative_deviation_MCI,ADNI_BASELINE_FASTSURFER_SUBCORTICAL_VOLUME_NORMATIVE_DX_28a646ab83,main_expert,normative_deviation,normative_deviation,"MCI shows normative deviation in subcortical volume, most prominently in Left-vessel, lhCortexVol, SurfaceHoles, rhSurfaceHoles, lhSurfaceHoles, relative to the CN reference.","MCI shows normative deviation in subcortical volume, most prominently in Left-vessel, lhCortexVol, SurfaceHoles, rhSurfaceHoles, lhSurfaceHoles, relative to the CN reference.",diagnosis_3class,volume,fastsurfer_subcortical_volume,fastsurfer,subcortical,ADNI_baseline,pooled,,,,,,,lower,mean_abs_z,9.338417726177305,,,,,602,64,,,radiology,human,radiology,2,2,2,2,4,fragile,major_revise,"MCI shows normative deviation across multiple morphometric features, including cortical and surface-related measures, relative to the CN reference",Feature list inconsistent with subcortical volume.,
REV0058,ADNI_BASELINE_FASTSURFER_CORTICAL_VOLUME_NORMATIVE_DX_3663c3e867_normative_deviation_AD,ADNI_BASELINE_FASTSURFER_CORTICAL_VOLUME_NORMATIVE_DX_3663c3e867,main_expert,normative_deviation,normative_deviation,"AD shows normative deviation in cortical regional volume, most prominently in temporal and frontal regions, relative to the CN reference.","AD shows normative deviation in cortical regional volume, most prominently in temporal and frontal regions, relative to the CN reference.",diagnosis_3class,volume,fastsurfer_cortical_volume,fastsurfer,cortical_regions,ADNI_baseline,pooled,,,,,,,lower,mean_abs_z,9.287420263601454,,,,,265,68,,,radiology,human,radiology,5,5,5,5,5,stable,accept,,,
REV0059,ADNI_BASELINE_FASTSURFER_SUBCORTICAL_VOLUME_NORMATIVE_DX_28a646ab83_normative_atomic_roi_AD_lhCortexVol,ADNI_BASELINE_FASTSURFER_SUBCORTICAL_VOLUME_NORMATIVE_DX_28a646ab83,main_expert,normative_atomic_roi,normative_deviation,AD shows normative deviation in lhCortexVol subcortical volume relative to the CN reference.,AD shows normative deviation in lhCortexVol subcortical volume relative to the CN reference.,diagnosis_3class,volume,fastsurfer_subcortical_volume,fastsurfer,subcortical,ADNI_baseline,pooled,lhCortexVol,global_brain_volume,global_brain_volume,,,,lower,mean_z,-9.287420264,-9.287420264,,,,265,64,,,radiology,human,radiology,3,2,3,3,5,fragile,major_revise,"AD shows normative deviation in cortical volume measures (e.g., lhCortexVol) relative to the CN reference.",lhCortexVol is not subcortical.,"biology is plausible for cortical volume deviation, but the category label “subcortical” is wrong. Reviewer is correct that lhCortexVol is not subcortical. Because it can be fixed by relabeling, major_revise is better than full reject."
REV0060,ADNI_BASELINE_FASTSURFER_SUBCORTICAL_VOLUME_NORMATIVE_DX_28a646ab83_normative_atomic_roi_MCI_SegmentedTotalIntracranialVol,ADNI_BASELINE_FASTSURFER_SUBCORTICAL_VOLUME_NORMATIVE_DX_28a646ab83,main_expert,normative_atomic_roi,normative_deviation,MCI shows normative deviation in SegmentedTotalIntracranialVol subcortical volume relative to the CN reference.,MCI shows normative deviation in SegmentedTotalIntracranialVol subcortical volume relative to the CN reference.,diagnosis_3class,volume,fastsurfer_subcortical_volume,fastsurfer,subcortical,ADNI_baseline,pooled,SegmentedTotalIntracranialVol,global_brain_volume,global_brain_volume,,,,lower,mean_z,-9.338417726,-9.338417726,,,,602,64,,,radiology,human,radiology,1,2,1,1,5,fragile,major_revise,MCI shows normative deviation in global intracranial volume measures relative to the CN reference,SegmentedTotalIntracranialVol is not subcortical.,Reviewer is correct that SegmentedTotalIntracranialVol is not subcortical. Corrected claim should avoid implying this is a meaningful disease deviation unless evidence supports it.
