claim_id,claim_family_id,claim_level,claim_type,dataset,cohort,feature_space,feature_family,pipeline,atlas,target,covariates,n_samples,n_features,roi,hemisphere,roi_group,anatomical_group,network,network_7_like,lobe,direction,evidence_metric,evidence_value,coefficient,t_value,p_value,q_value,claim_text,short_claim_text,criteria_passed,status,n_evaluation_pairs,best_overall_label,worst_overall_label,any_stable_and_transferable,any_fragile,max_evidence_spearman,median_evidence_spearman,min_support_jaccard,median_support_jaccard,best_transfer_label,max_auc_oriented,max_abs_transfer_corr,related_experiment_ids,high_concordance_fragile_support,stability_label,transfer_label,overall_label,evidence_spearman,support_jaccard,direction_retention_source_support,transfer_auc_oriented,transfer_spearman_corr,target_type,evaluation_category,feature_family_group,dataset_group,dedup_key,selection_score,selection_reason,review_priority,review_set,overlaps_llm_extended
AIBL_BASELINE_FS8_SUBCORTICAL_VOLUME_MMSE_f7441c7d7a_composite_main,AIBL_BASELINE_FS8_SUBCORTICAL_VOLUME_MMSE_f7441c7d7a,composite,mmse_association,AIBL_baseline,pooled,fs8_subcortical_volume,volume,freesurfer8,subcortical,mmse,age; sex,1291,64,,,,,,,,higher,mean_abs_t,11.423936927837143,,,,,"Higher MMSE is associated with higher subcortical volume in Left-Inf-Lat-Vent, Right-Inf-Lat-Vent, Left-Hippocampus, Right-Hippocampus, Left-Amygdala, after adjustment for age, sex.","Higher MMSE is associated with higher subcortical volume in Left-Inf-Lat-Vent, Right-Inf-Lat-Vent, Left-Hippocampus, Right-Hippocampus, Left-Amygdala, after adjustment for age, sex.",True,supported,2,stable_and_transferable,insufficient,True,False,0.9679705476300048,0.9679705476300048,0.9047619047619048,0.9047619047619048,strong,,0.4054304056271311,E1_ADNI_TO_AIBL_VOLUME_TRANSFER; E6_FS8_VOLUME_VS_THICKNESS_SENSITIVITY,False,stable,strong,stable_and_transferable,0.9679705476300048,0.9047619047619048,1.0,,0.4054304056271311,mmse,stable_and_transferable,volume,AIBL_baseline,composite|mmse association|mmse|volume|nan|higher|higher mmse is associated with higher subcortical volume in left inf lat vent right inf lat vent left hippocampus right hippocampus left amygdala after adjustme,8,reserve_nonoverlap,1,reserve,False
AIBL_BASELINE_FS8_SUBCORTICAL_VOLUME_DX_CN_AD_c7233d1166_composite_main,AIBL_BASELINE_FS8_SUBCORTICAL_VOLUME_DX_CN_AD_c7233d1166,composite,diagnosis_contrast,AIBL_baseline,pooled,fs8_subcortical_volume,volume,freesurfer8,subcortical,diagnosis_binary_ad_cn,age; sex,1104,64,,,,,,,,lower,mean_abs_t,12.61248147754911,,,,,"AD is associated with lower subcortical volume in Left-Inf-Lat-Vent, Right-Inf-Lat-Vent, Left-Hippocampus, Right-Hippocampus, Right-Amygdala compared with CN, after adjustment for age, sex.","AD is associated with lower subcortical volume in Left-Inf-Lat-Vent, Right-Inf-Lat-Vent, Left-Hippocampus, Right-Hippocampus, Right-Amygdala compared with CN, after adjustment for age, sex.",True,supported,2,stable_and_transferable,insufficient,True,False,0.9809940174873448,0.9809940174873448,0.9047619047619048,0.9047619047619048,strong,0.8837495544091634,,E1_ADNI_TO_AIBL_VOLUME_TRANSFER; E6_FS8_VOLUME_VS_THICKNESS_SENSITIVITY,False,stable,strong,stable_and_transferable,0.9809940174873448,0.9047619047619048,1.0,0.8837495544091634,,diagnosis_or_cdr,stable_and_transferable,volume,AIBL_baseline,composite|diagnosis contrast|diagnosis binary ad cn|volume|nan|lower|ad is associated with lower subcortical volume in left inf lat vent right inf lat vent left hippocampus right hippocampus right amygdala compared with cn after,8,reserve_nonoverlap,2,reserve,False
OASIS1_BASELINE_FS8_CORTICAL_VOLUME_CDR_IMPAIRMENT_9a4bc2fb06_composite_main,OASIS1_BASELINE_FS8_CORTICAL_VOLUME_CDR_IMPAIRMENT_9a4bc2fb06,composite,cdr_impairment_contrast,OASIS1_baseline,pooled,fs8_cortical_volume,volume,freesurfer8,cortical_regions,diagnosis_binary_impairment_cdr,age; sex; education,235,68,,,,,,,,lower,mean_abs_t,3.924509132743746,,,,,"CDR-defined cognitive impairment is associated with lower cortical regional volume in temporal, parietal, and cingulate regions compared with CDR 0, after adjustment for age, sex, education.","CDR-defined cognitive impairment is associated with lower cortical regional volume in temporal, parietal, and cingulate regions compared with CDR 0, after adjustment for age, sex, education.",True,supported,2,stable_and_transferable,insufficient,True,False,0.793335114707791,0.6466675573538954,0.7391304347826086,0.8695652173913043,moderate,0.6854814814814815,,E2_ADNI_TO_OASIS_VOLUME_TRANSFER; E6_FS8_VOLUME_VS_THICKNESS_SENSITIVITY,False,stable,moderate,stable_and_transferable,0.793335114707791,0.7391304347826086,1.0,0.6854814814814815,,diagnosis_or_cdr,stable_and_transferable,volume,OASIS1_baseline,composite|cdr impairment contrast|diagnosis binary impairment cdr|volume|nan|lower|cdr defined cognitive impairment is associated with lower cortical regional volume in temporal parietal and cingulate regions compared with cdr 0 after adjustme,8,reserve_nonoverlap,3,reserve,False
OASIS1_BASELINE_FS8_SUBCORTICAL_VOLUME_MMSE_543c6804cb_composite_main,OASIS1_BASELINE_FS8_SUBCORTICAL_VOLUME_MMSE_543c6804cb,composite,mmse_association,OASIS1_baseline,pooled,fs8_subcortical_volume,volume,freesurfer8,subcortical,mmse,age; sex; education,235,64,,,,,,,,higher,mean_abs_t,4.688371031504737,,,,,"Higher MMSE is associated with higher subcortical volume in Left-Inf-Lat-Vent, Right-Inf-Lat-Vent, Right-Hippocampus, lhCortexVol, Left-Hippocampus, after adjustment for age, sex, education.","Higher MMSE is associated with higher subcortical volume in Left-Inf-Lat-Vent, Right-Inf-Lat-Vent, Right-Hippocampus, lhCortexVol, Left-Hippocampus, after adjustment for age, sex, education.",True,supported,2,stable_and_transferable,insufficient,True,False,0.912030317690695,0.912030317690695,0.8181818181818182,0.8181818181818182,strong,,0.4980881652530853,E2_ADNI_TO_OASIS_VOLUME_TRANSFER; E6_FS8_VOLUME_VS_THICKNESS_SENSITIVITY,False,stable,strong,stable_and_transferable,0.912030317690695,0.8181818181818182,1.0,,0.4980881652530853,mmse,stable_and_transferable,volume,OASIS1_baseline,composite|mmse association|mmse|volume|nan|higher|higher mmse is associated with higher subcortical volume in left inf lat vent right inf lat vent right hippocampus lhcortexvol left hippocampus after adjustment,8,reserve_nonoverlap,4,reserve,False
AIBL_BASELINE_FS8_SUBCORTICAL_VOLUME_AGE_227148901e_composite_main,AIBL_BASELINE_FS8_SUBCORTICAL_VOLUME_AGE_227148901e,composite,age_association,AIBL_baseline,pooled,fs8_subcortical_volume,volume,freesurfer8,subcortical,age,sex,1298,64,,,,,,,,altered,mean_abs_t,10.059561932978736,,,,,"Older age is associated with altered subcortical volume in Left-Inf-Lat-Vent, 3rd-Ventricle, Left-Hippocampus, Right-Inf-Lat-Vent, Right-Hippocampus, after adjustment for sex.","Older age is associated with altered subcortical volume in Left-Inf-Lat-Vent, 3rd-Ventricle, Left-Hippocampus, Right-Inf-Lat-Vent, Right-Hippocampus, after adjustment for sex.",True,supported,2,stable_and_transferable,insufficient,True,False,0.9496548550391168,0.9496548550391168,0.6,0.6,strong,,0.4400297081046349,E1_ADNI_TO_AIBL_VOLUME_TRANSFER; E6_FS8_VOLUME_VS_THICKNESS_SENSITIVITY,False,stable,strong,stable_and_transferable,0.9496548550391168,0.6,1.0,,0.4400297081046349,age,stable_and_transferable,volume,AIBL_baseline,composite|age association|age|volume|nan|altered|older age is associated with altered subcortical volume in left inf lat vent 3rd ventricle left hippocampus right inf lat vent right hippocampus after adjustmen,8,reserve_nonoverlap,5,reserve,False
AIBL_BASELINE_FS8_SUBCORTICAL_VOLUME_MMSE_f7441c7d7a_atomic_roi_SubCortGrayVol,AIBL_BASELINE_FS8_SUBCORTICAL_VOLUME_MMSE_f7441c7d7a,atomic_roi,mmse_association,AIBL_baseline,pooled,fs8_subcortical_volume,volume,freesurfer8,subcortical,mmse,age; sex,1291,64,SubCortGrayVol,,global_brain_volume,global_brain_volume,,,,higher,t,7.591940741251117,0.190068193549496,7.591940741251117,6.030167729440376e-14,2.144059637134356e-13,"Higher MMSE is associated with higher SubCortGrayVol subcortical volume, after adjustment for age, sex.","Higher MMSE is associated with higher SubCortGrayVol subcortical volume, after adjustment for age, sex.",True,supported,2,stable_and_transferable,insufficient,True,False,0.9679705476300048,0.9679705476300048,0.9047619047619048,0.9047619047619048,strong,,0.4054304056271311,E1_ADNI_TO_AIBL_VOLUME_TRANSFER; E6_FS8_VOLUME_VS_THICKNESS_SENSITIVITY,False,stable,strong,stable_and_transferable,0.9679705476300048,0.9047619047619048,1.0,,0.4054304056271311,mmse,stable_and_transferable,volume,AIBL_baseline,atomic roi|mmse association|mmse|volume|subcortgrayvol|higher|higher mmse is associated with higher subcortgrayvol subcortical volume after adjustment for age sex,7,reserve_nonoverlap,6,reserve,False
AIBL_BASELINE_FS8_SUBCORTICAL_VOLUME_DX_CN_AD_c7233d1166_atomic_roi_Left-Accumbens-area,AIBL_BASELINE_FS8_SUBCORTICAL_VOLUME_DX_CN_AD_c7233d1166,atomic_roi,diagnosis_contrast,AIBL_baseline,pooled,fs8_subcortical_volume,volume,freesurfer8,subcortical,diagnosis_binary_ad_cn,age; sex,1104,64,Left-Accumbens-area,LH,basal_ganglia,basal_ganglia,,,,lower,t,-9.870045058583075,-0.7851178509130962,-9.870045058583075,4.500103715831015e-22,2.880066378131849e-21,"AD is associated with lower Left-Accumbens-area subcortical volume compared with CN, after adjustment for age, sex.","AD is associated with lower Left-Accumbens-area subcortical volume compared with CN, after adjustment for age, sex.",True,supported,2,stable_and_transferable,insufficient,True,False,0.9809940174873448,0.9809940174873448,0.9047619047619048,0.9047619047619048,strong,0.8837495544091634,,E1_ADNI_TO_AIBL_VOLUME_TRANSFER; E6_FS8_VOLUME_VS_THICKNESS_SENSITIVITY,False,stable,strong,stable_and_transferable,0.9809940174873448,0.9047619047619048,1.0,0.8837495544091634,,diagnosis_or_cdr,stable_and_transferable,volume,AIBL_baseline,atomic roi|diagnosis contrast|diagnosis binary ad cn|volume|left accumbens area|lower|ad is associated with lower left accumbens area subcortical volume compared with cn after adjustment for age sex,7,reserve_nonoverlap,7,reserve,False
AIBL_BASELINE_FS8_SUBCORTICAL_VOLUME_DX_CN_MCI_2efad00881_atomic_roi_CSF,AIBL_BASELINE_FS8_SUBCORTICAL_VOLUME_DX_CN_MCI_2efad00881,atomic_roi,diagnosis_contrast,AIBL_baseline,pooled,fs8_subcortical_volume,volume,freesurfer8,subcortical,diagnosis_binary_mci_cn,age; sex,1131,64,CSF,,ventricle_csf,ventricle_csf,,,,higher,t,3.897786300572719,0.242356502696606,3.897786300572719,0.0001028059587721,0.0006579581361414,"MCI is associated with higher CSF subcortical volume compared with CN, after adjustment for age, sex.","MCI is associated with higher CSF subcortical volume compared with CN, after adjustment for age, sex.",True,supported,2,stable_and_transferable,insufficient,True,False,0.8654855039116431,0.8654855039116431,0.6,0.6,moderate,0.6571208851751527,,E1_ADNI_TO_AIBL_VOLUME_TRANSFER; E6_FS8_VOLUME_VS_THICKNESS_SENSITIVITY,False,stable,moderate,stable_and_transferable,0.8654855039116431,0.6,1.0,0.6571208851751527,,diagnosis_or_cdr,stable_and_transferable,volume,AIBL_baseline,atomic roi|diagnosis contrast|diagnosis binary mci cn|volume|csf|higher|mci is associated with higher csf subcortical volume compared with cn after adjustment for age sex,7,reserve_nonoverlap,8,reserve,False
OASIS1_BASELINE_FS8_CORTICAL_VOLUME_CDR_IMPAIRMENT_9a4bc2fb06_atomic_roi_lh_parsorbitalis,OASIS1_BASELINE_FS8_CORTICAL_VOLUME_CDR_IMPAIRMENT_9a4bc2fb06,atomic_roi,cdr_impairment_contrast,OASIS1_baseline,pooled,fs8_cortical_volume,volume,freesurfer8,cortical_regions,diagnosis_binary_impairment_cdr,age; sex; education,235,68,lh_parsorbitalis,LH,frontal,frontal,,,frontal,lower,t,-2.452023027456834,-0.3119921300643332,-2.452023027456834,0.0149503087360094,0.0350558963465048,"CDR-defined cognitive impairment is associated with lower lh_parsorbitalis cortical regional volume compared with CDR 0, after adjustment for age, sex, education.","CDR-defined cognitive impairment is associated with lower lh_parsorbitalis cortical regional volume compared with CDR 0, after adjustment for age, sex, education.",True,supported,2,stable_and_transferable,insufficient,True,False,0.793335114707791,0.6466675573538954,0.7391304347826086,0.8695652173913043,moderate,0.6854814814814815,,E2_ADNI_TO_OASIS_VOLUME_TRANSFER; E6_FS8_VOLUME_VS_THICKNESS_SENSITIVITY,False,stable,moderate,stable_and_transferable,0.793335114707791,0.7391304347826086,1.0,0.6854814814814815,,diagnosis_or_cdr,stable_and_transferable,volume,OASIS1_baseline,atomic roi|cdr impairment contrast|diagnosis binary impairment cdr|volume|lh parsorbitalis|lower|cdr defined cognitive impairment is associated with lower lh parsorbitalis cortical regional volume compared with cdr 0 after adjustment for age sex education,7,reserve_nonoverlap,9,reserve,False
OASIS1_BASELINE_FS8_SUBCORTICAL_VOLUME_AGE_4afe8f975c_atomic_roi_lhCortexVol,OASIS1_BASELINE_FS8_SUBCORTICAL_VOLUME_AGE_4afe8f975c,atomic_roi,age_association,OASIS1_baseline,pooled,fs8_subcortical_volume,volume,freesurfer8,subcortical,age,sex; education,235,64,lhCortexVol,,global_brain_volume,global_brain_volume,,,,lower,t,-7.492456367529887,-0.4010664859451438,-7.492456367529887,1.4276668977581652e-12,3.982439241114882e-12,"Older age is associated with lower lhCortexVol subcortical volume, after adjustment for sex, education.","Older age is associated with lower lhCortexVol subcortical volume, after adjustment for sex, education.",True,supported,2,stable_and_transferable,insufficient,True,False,0.905418480890179,0.905418480890179,0.6666666666666666,0.6666666666666666,strong,,0.8120652147517923,E2_ADNI_TO_OASIS_VOLUME_TRANSFER; E6_FS8_VOLUME_VS_THICKNESS_SENSITIVITY,False,stable,strong,stable_and_transferable,0.905418480890179,0.6666666666666666,1.0,,0.8120652147517923,age,stable_and_transferable,volume,OASIS1_baseline,atomic roi|age association|age|volume|lhcortexvol|lower|older age is associated with lower lhcortexvol subcortical volume after adjustment for sex education,7,reserve_nonoverlap,10,reserve,False
AIBL_BASELINE_FS8_CORTICAL_VOLUME_DX_CN_AD_266a22fefe_atomic_roi_lh_bankssts,AIBL_BASELINE_FS8_CORTICAL_VOLUME_DX_CN_AD_266a22fefe,atomic_roi,diagnosis_contrast,AIBL_baseline,pooled,fs8_cortical_volume,volume,freesurfer8,cortical_regions,diagnosis_binary_ad_cn,age; sex,1104,68,lh_bankssts,LH,temporal,temporal,,,temporal,lower,t,-8.33174922569193,-0.6772434601194987,-8.33174922569193,2.3515847218445173e-16,8.883764504745954e-16,"AD is associated with lower lh_bankssts cortical regional volume compared with CN, after adjustment for age, sex.","AD is associated with lower lh_bankssts cortical regional volume compared with CN, after adjustment for age, sex.",True,supported,2,stable_and_transferable,stable_not_transferable,True,False,0.8747184792151772,0.7873592396075886,0.8181818181818182,0.9090909090909092,strong,0.7794241284915825,,E1_ADNI_TO_AIBL_VOLUME_TRANSFER; E6_FS8_VOLUME_VS_THICKNESS_SENSITIVITY,False,stable,strong,stable_and_transferable,0.8747184792151772,0.8181818181818182,1.0,0.7794241284915825,,diagnosis_or_cdr,stable_and_transferable,volume,AIBL_baseline,atomic roi|diagnosis contrast|diagnosis binary ad cn|volume|lh bankssts|lower|ad is associated with lower lh bankssts cortical regional volume compared with cn after adjustment for age sex,7,reserve_nonoverlap,11,reserve,False
AIBL_BASELINE_FS8_CORTICAL_VOLUME_DX_CN_AD_266a22fefe_atomic_roi_lh_supramarginal,AIBL_BASELINE_FS8_CORTICAL_VOLUME_DX_CN_AD_266a22fefe,atomic_roi,diagnosis_contrast,AIBL_baseline,pooled,fs8_cortical_volume,volume,freesurfer8,cortical_regions,diagnosis_binary_ad_cn,age; sex,1104,68,lh_supramarginal,LH,parietal,parietal,,,parietal,lower,t,-8.358195609680761,-0.6679928837006354,-8.358195609680761,1.9053216915732603e-16,7.621286766293042e-16,"AD is associated with lower lh_supramarginal cortical regional volume compared with CN, after adjustment for age, sex.","AD is associated with lower lh_supramarginal cortical regional volume compared with CN, after adjustment for age, sex.",True,supported,2,stable_and_transferable,stable_not_transferable,True,False,0.8747184792151772,0.7873592396075886,0.8181818181818182,0.9090909090909092,strong,0.7794241284915825,,E1_ADNI_TO_AIBL_VOLUME_TRANSFER; E6_FS8_VOLUME_VS_THICKNESS_SENSITIVITY,False,stable,strong,stable_and_transferable,0.8747184792151772,0.8181818181818182,1.0,0.7794241284915825,,diagnosis_or_cdr,stable_and_transferable,volume,AIBL_baseline,atomic roi|diagnosis contrast|diagnosis binary ad cn|volume|lh supramarginal|lower|ad is associated with lower lh supramarginal cortical regional volume compared with cn after adjustment for age sex,7,reserve_nonoverlap,12,reserve,False
OASIS1_BASELINE_FS8_SUBCORTICAL_VOLUME_CDR_IMPAIRMENT_38946d7d18_atomic_roi_Left-Inf-Lat-Vent,OASIS1_BASELINE_FS8_SUBCORTICAL_VOLUME_CDR_IMPAIRMENT_38946d7d18,atomic_roi,cdr_impairment_contrast,OASIS1_baseline,pooled,fs8_subcortical_volume,volume,freesurfer8,subcortical,diagnosis_binary_impairment_cdr,age; sex; education,235,64,Left-Inf-Lat-Vent,LH,ventricle_csf,ventricle_csf,,,,higher,t,5.833086353481644,0.681609919593955,5.833086353481644,1.8332364335280087e-08,1.943230619539689e-07,"CDR-defined cognitive impairment is associated with higher Left-Inf-Lat-Vent subcortical volume compared with CDR 0, after adjustment for age, sex, education.","CDR-defined cognitive impairment is associated with higher Left-Inf-Lat-Vent subcortical volume compared with CDR 0, after adjustment for age, sex, education.",True,supported,2,stable_and_transferable,insufficient,True,False,0.8906627963231737,0.8906627963231737,0.8181818181818182,0.8181818181818182,strong,0.7974074074074075,,E2_ADNI_TO_OASIS_VOLUME_TRANSFER; E6_FS8_VOLUME_VS_THICKNESS_SENSITIVITY,False,stable,strong,stable_and_transferable,0.8906627963231737,0.8181818181818182,1.0,0.7974074074074075,,diagnosis_or_cdr,stable_and_transferable,volume,OASIS1_baseline,atomic roi|cdr impairment contrast|diagnosis binary impairment cdr|volume|left inf lat vent|higher|cdr defined cognitive impairment is associated with higher left inf lat vent subcortical volume compared with cdr 0 after adjustment for age sex education,7,reserve_nonoverlap,13,reserve,False
AIBL_BASELINE_FS8_CORTICAL_VOLUME_MMSE_4d9e944bc0_atomic_roi_rh_entorhinal,AIBL_BASELINE_FS8_CORTICAL_VOLUME_MMSE_4d9e944bc0,atomic_roi,mmse_association,AIBL_baseline,pooled,fs8_cortical_volume,volume,freesurfer8,cortical_regions,mmse,age; sex,1291,68,rh_entorhinal,RH,temporal,temporal,,,temporal,higher,t,10.453025051188064,0.2665832216648862,10.453025051188064,1.3303862599413536e-24,7.006367096779934e-24,"Higher MMSE is associated with higher rh_entorhinal cortical regional volume, after adjustment for age, sex.","Higher MMSE is associated with higher rh_entorhinal cortical regional volume, after adjustment for age, sex.",True,supported,2,stable_and_transferable,stable_not_transferable,True,False,0.9082337672252546,0.8041168836126273,0.6666666666666666,0.8333333333333333,moderate,,0.2978303970666699,E1_ADNI_TO_AIBL_VOLUME_TRANSFER; E6_FS8_VOLUME_VS_THICKNESS_SENSITIVITY,False,stable,moderate,stable_and_transferable,0.9082337672252546,0.6666666666666666,1.0,,0.2978303970666699,mmse,stable_and_transferable,volume,AIBL_baseline,atomic roi|mmse association|mmse|volume|rh entorhinal|higher|higher mmse is associated with higher rh entorhinal cortical regional volume after adjustment for age sex,7,reserve_nonoverlap,14,reserve,False
OASIS1_BASELINE_FS8_CORTICAL_VOLUME_CDR_IMPAIRMENT_9a4bc2fb06_atomic_roi_lh_superiorparietal,OASIS1_BASELINE_FS8_CORTICAL_VOLUME_CDR_IMPAIRMENT_9a4bc2fb06,atomic_roi,cdr_impairment_contrast,OASIS1_baseline,pooled,fs8_cortical_volume,volume,freesurfer8,cortical_regions,diagnosis_binary_impairment_cdr,age; sex; education,235,68,lh_superiorparietal,LH,parietal,parietal,,,parietal,lower,t,-2.919965933072232,-0.3814053965225891,-2.919965933072232,0.0038487281614991,0.0130856757490971,"CDR-defined cognitive impairment is associated with lower lh_superiorparietal cortical regional volume compared with CDR 0, after adjustment for age, sex, education.","CDR-defined cognitive impairment is associated with lower lh_superiorparietal cortical regional volume compared with CDR 0, after adjustment for age, sex, education.",True,supported,2,stable_and_transferable,insufficient,True,False,0.793335114707791,0.6466675573538954,0.7391304347826086,0.8695652173913043,moderate,0.6854814814814815,,E2_ADNI_TO_OASIS_VOLUME_TRANSFER; E6_FS8_VOLUME_VS_THICKNESS_SENSITIVITY,False,stable,moderate,stable_and_transferable,0.793335114707791,0.7391304347826086,1.0,0.6854814814814815,,diagnosis_or_cdr,stable_and_transferable,volume,OASIS1_baseline,atomic roi|cdr impairment contrast|diagnosis binary impairment cdr|volume|lh superiorparietal|lower|cdr defined cognitive impairment is associated with lower lh superiorparietal cortical regional volume compared with cdr 0 after adjustment for age sex educatio,7,reserve_nonoverlap,15,reserve,False
AIBL_BASELINE_FS8_SUBCORTICAL_VOLUME_DX_CN_AD_c7233d1166_atomic_roi_CC_Central,AIBL_BASELINE_FS8_SUBCORTICAL_VOLUME_DX_CN_AD_c7233d1166,atomic_roi,diagnosis_contrast,AIBL_baseline,pooled,fs8_subcortical_volume,volume,freesurfer8,subcortical,diagnosis_binary_ad_cn,age; sex,1104,64,CC_Central,,corpus_callosum,corpus_callosum,,,,lower,t,-9.01868314940348,-0.7298558752172541,-9.01868314940348,8.279832525673715e-19,3.7850662974508415e-18,"AD is associated with lower CC_Central subcortical volume compared with CN, after adjustment for age, sex.","AD is associated with lower CC_Central subcortical volume compared with CN, after adjustment for age, sex.",True,supported,2,stable_and_transferable,insufficient,True,False,0.9809940174873448,0.9809940174873448,0.9047619047619048,0.9047619047619048,strong,0.8837495544091634,,E1_ADNI_TO_AIBL_VOLUME_TRANSFER; E6_FS8_VOLUME_VS_THICKNESS_SENSITIVITY,False,stable,strong,stable_and_transferable,0.9809940174873448,0.9047619047619048,1.0,0.8837495544091634,,diagnosis_or_cdr,stable_and_transferable,volume,AIBL_baseline,atomic roi|diagnosis contrast|diagnosis binary ad cn|volume|cc central|lower|ad is associated with lower cc central subcortical volume compared with cn after adjustment for age sex,7,reserve_nonoverlap,16,reserve,False
AIBL_BASELINE_FS8_SUBCORTICAL_VOLUME_DX_CN_MCI_2efad00881_atomic_roi_Right-Inf-Lat-Vent,AIBL_BASELINE_FS8_SUBCORTICAL_VOLUME_DX_CN_MCI_2efad00881,atomic_roi,diagnosis_contrast,AIBL_baseline,pooled,fs8_subcortical_volume,volume,freesurfer8,subcortical,diagnosis_binary_mci_cn,age; sex,1131,64,Right-Inf-Lat-Vent,RH,ventricle_csf,ventricle_csf,,,,higher,t,9.56983313465494,0.661920960327339,9.56983313465494,6.51603167361521e-21,2.0851301355568678e-19,"MCI is associated with higher Right-Inf-Lat-Vent subcortical volume compared with CN, after adjustment for age, sex.","MCI is associated with higher Right-Inf-Lat-Vent subcortical volume compared with CN, after adjustment for age, sex.",True,supported,2,stable_and_transferable,insufficient,True,False,0.8654855039116431,0.8654855039116431,0.6,0.6,moderate,0.6571208851751527,,E1_ADNI_TO_AIBL_VOLUME_TRANSFER; E6_FS8_VOLUME_VS_THICKNESS_SENSITIVITY,False,stable,moderate,stable_and_transferable,0.8654855039116431,0.6,1.0,0.6571208851751527,,diagnosis_or_cdr,stable_and_transferable,volume,AIBL_baseline,atomic roi|diagnosis contrast|diagnosis binary mci cn|volume|right inf lat vent|higher|mci is associated with higher right inf lat vent subcortical volume compared with cn after adjustment for age sex,7,reserve_nonoverlap,17,reserve,False
OASIS1_BASELINE_FS8_CORTICAL_VOLUME_CDR_IMPAIRMENT_9a4bc2fb06_group_summary_parietal,OASIS1_BASELINE_FS8_CORTICAL_VOLUME_CDR_IMPAIRMENT_9a4bc2fb06,group_summary,group_enrichment,OASIS1_baseline,pooled,fs8_cortical_volume,volume,freesurfer8,cortical_regions,diagnosis_binary_impairment_cdr,age; sex; education,235,68,,,parietal,parietal,,,parietal,lower,mean_abs_t,3.027685299568157,-0.3829685405339548,,,,"CDR-defined impairment effects are concentrated in parietal regions, where 6/10 regions meet support criteria.","CDR-defined impairment effects are concentrated in parietal regions, where 6/10 regions meet support criteria.",True,supported,2,stable_and_transferable,insufficient,True,False,0.793335114707791,0.6466675573538954,0.7391304347826086,0.8695652173913043,moderate,0.6854814814814815,,E2_ADNI_TO_OASIS_VOLUME_TRANSFER; E6_FS8_VOLUME_VS_THICKNESS_SENSITIVITY,False,stable,moderate,stable_and_transferable,0.793335114707791,0.7391304347826086,1.0,0.6854814814814815,,diagnosis_or_cdr,stable_and_transferable,volume,OASIS1_baseline,group summary|group enrichment|diagnosis binary impairment cdr|volume|nan|lower|cdr defined impairment effects are concentrated in parietal regions where 6 10 regions meet support criteria,7,reserve_nonoverlap,18,reserve,False
AIBL_BASELINE_FS8_CORTICAL_VOLUME_DX_CN_AD_266a22fefe_atomic_roi_lh_isthmuscingulate,AIBL_BASELINE_FS8_CORTICAL_VOLUME_DX_CN_AD_266a22fefe,atomic_roi,diagnosis_contrast,AIBL_baseline,pooled,fs8_cortical_volume,volume,freesurfer8,cortical_regions,diagnosis_binary_ad_cn,age; sex,1104,68,lh_isthmuscingulate,LH,cingulate,cingulate,,,cingulate,lower,t,-7.856636351864636,-0.5955710894047258,-7.856636351864636,9.35006563968133e-15,2.649185264576377e-14,"AD is associated with lower lh_isthmuscingulate cortical regional volume compared with CN, after adjustment for age, sex.","AD is associated with lower lh_isthmuscingulate cortical regional volume compared with CN, after adjustment for age, sex.",True,supported,2,stable_and_transferable,stable_not_transferable,True,False,0.8747184792151772,0.7873592396075886,0.8181818181818182,0.9090909090909092,strong,0.7794241284915825,,E1_ADNI_TO_AIBL_VOLUME_TRANSFER; E6_FS8_VOLUME_VS_THICKNESS_SENSITIVITY,False,stable,strong,stable_and_transferable,0.8747184792151772,0.8181818181818182,1.0,0.7794241284915825,,diagnosis_or_cdr,stable_and_transferable,volume,AIBL_baseline,atomic roi|diagnosis contrast|diagnosis binary ad cn|volume|lh isthmuscingulate|lower|ad is associated with lower lh isthmuscingulate cortical regional volume compared with cn after adjustment for age sex,7,reserve_nonoverlap,19,reserve,False
OASIS1_BASELINE_FS8_SUBCORTICAL_VOLUME_AGE_4afe8f975c_group_summary_medial_temporal,OASIS1_BASELINE_FS8_SUBCORTICAL_VOLUME_AGE_4afe8f975c,group_summary,group_enrichment,OASIS1_baseline,pooled,fs8_subcortical_volume,volume,freesurfer8,subcortical,age,sex; education,235,64,,,medial_temporal,medial_temporal,,,,lower,mean_abs_t,8.953400696657884,-0.4910483077666734,,,,"Age-associated effects are concentrated in medial temporal structures, where 4/4 regions meet support criteria.","Age-associated effects are concentrated in medial temporal structures, where 4/4 regions meet support criteria.",True,supported,2,stable_and_transferable,insufficient,True,False,0.905418480890179,0.905418480890179,0.6666666666666666,0.6666666666666666,strong,,0.8120652147517923,E2_ADNI_TO_OASIS_VOLUME_TRANSFER; E6_FS8_VOLUME_VS_THICKNESS_SENSITIVITY,False,stable,strong,stable_and_transferable,0.905418480890179,0.6666666666666666,1.0,,0.8120652147517923,age,stable_and_transferable,volume,OASIS1_baseline,group summary|group enrichment|age|volume|nan|lower|age associated effects are concentrated in medial temporal structures where 4 4 regions meet support criteria,7,reserve_nonoverlap,20,reserve,False
